fips,county,state,Over18
01001,Autauga County,AL,NA
01003,Baldwin County,AL,64.3756050338819
01005,Barbour County,AL,80.44530493707647
01007,Bibb County,AL,NA
01009,Blount County,AL,NA
01011,Bullock County,AL,NA
01013,Butler County,AL,NA
01015,Calhoun County,AL,10.842207163601161
01017,Chambers County,AL,65.82768635043563
01019,Cherokee County,AL,NA
01021,Chilton County,AL,NA
01025,Clarke County,AL,NA
01027,Clay County,AL,NA
01029,Cleburne County,AL,NA
01031,Coffee County,AL,NA
01033,Colbert County,AL,NA
01035,Conecuh County,AL,NA
01037,Coosa County,AL,NA
01039,Covington County,AL,NA
01041,Crenshaw County,AL,NA
01043,Cullman County,AL,37.27008712487899
01045,Dale County,AL,NA
01047,Dallas County,AL,53.92061955469506
01049,DeKalb County,AL,NA
01051,Elmore County,AL,33.39787028073572
01053,Escambia County,AL,NA
01055,Etowah County,AL,10.067763794772508
01057,Fayette County,AL,NA
01059,Franklin County,AL,NA
01061,Geneva County,AL,NA
01063,Greene County,AL,NA
01065,Hale County,AL,79.67086156824782
01067,Henry County,AL,NA
01069,Houston County,AL,18.489835430784122
01071,Jackson County,AL,68.054211035818
01073,Jefferson County,AL,20.90997095837367
01075,Lamar County,AL,NA
01077,Lauderdale County,AL,NA
01079,Lawrence County,AL,NA
01081,Lee County,AL,25.169409486931265
01083,Limestone County,AL,27.49273959341723
01085,Lowndes County,AL,NA
01087,Macon County,AL,NA
01089,Madison County,AL,NA
01091,Marengo County,AL,NA
01093,Marion County,AL,NA
01095,Marshall County,AL,73.28170377541142
01097,Mobile County,AL,66.98935140367861
01099,Monroe County,AL,90.4162633107454
01101,Montgomery County,AL,44.336882865440465
01103,Morgan County,AL,72.21684414327201
01105,Perry County,AL,91.19070667957405
01107,Pickens County,AL,NA
01109,Pike County,AL,NA
01111,Randolph County,AL,NA
01113,Russell County,AL,NA
01115,St. Clair County,AL,31.07454017424976
01117,Shelby County,AL,6.582768635043562
01119,Sumter County,AL,NA
01121,Talladega County,AL,NA
01123,Tallapoosa County,AL,61.181026137463704
01125,Tuscaloosa County,AL,13.939980638915781
01127,Walker County,AL,35.237173281703775
01129,Washington County,AL,NA
01131,Wilcox County,AL,NA
01133,Winston County,AL,NA
02020,Anchorage Municipality,AK,20.232333010648595
02050,Bethel Census Area,AK,NA
02070,Dillingham Census Area,AK,NA
02090,Fairbanks North Star Borough,AK,NA
02110,Juneau City and Borough,AK,NA
02122,Kenai Peninsula Borough,AK,53.242981606969984
02130,Ketchikan Gateway Borough,AK,NA
02150,Kodiak Island Borough,AK,NA
02170,Matanuska-Susitna Borough,AK,NA
02180,Nome Census Area,AK,NA
02220,Sitka City and Borough,AK,NA
02240,Southeast Fairbanks Census Area,AK,NA
02261,Valdez-Cordova Census Area,AK,NA
02270,Wade Hampton Census Area,AK,NA
04001,Apache County,AZ,NA
04003,Cochise County,AZ,NA
04005,Coconino County,AZ,36.10842207163601
04007,Gila County,AZ,NA
04009,Graham County,AZ,NA
04012,La Paz County,AZ,73.57212003872216
04013,Maricopa County,AZ,31.461761858664083
04015,Mohave County,AZ,54.50145208131656
04017,Navajo County,AZ,46.563407550822845
04019,Pima County,AZ,21.10358180058083
04021,Pinal County,AZ,52.565343659244924
04023,Santa Cruz County,AZ,NA
04025,Yavapai County,AZ,37.7541142303969
04027,Yuma County,AZ,21.878025169409486
05001,Arkansas County,AR,NA
05003,Ashley County,AR,NA
05005,Baxter County,AR,NA
05007,Benton County,AR,91.67473378509197
05009,Boone County,AR,NA
05011,Bradley County,AR,NA
05015,Carroll County,AR,NA
05017,Chicot County,AR,NA
05019,Clark County,AR,NA
05021,Clay County,AR,NA
05023,Cleburne County,AR,NA
05025,Cleveland County,AR,NA
05027,Columbia County,AR,NA
05029,Conway County,AR,NA
05031,Craighead County,AR,77.05711519845111
05033,Crawford County,AR,NA
05035,Crittenden County,AR,NA
05037,Cross County,AR,NA
05039,Dallas County,AR,NA
05041,Desha County,AR,NA
05043,Drew County,AR,NA
05045,Faulkner County,AR,NA
05047,Franklin County,AR,NA
05049,Fulton County,AR,NA
05051,Garland County,AR,NA
05053,Grant County,AR,NA
05055,Greene County,AR,NA
05057,Hempstead County,AR,NA
05059,Hot Spring County,AR,NA
05061,Howard County,AR,NA
05063,Independence County,AR,NA
05067,Jackson County,AR,NA
05069,Jefferson County,AR,NA
05071,Johnson County,AR,NA
05075,Lawrence County,AR,NA
05077,Lee County,AR,NA
05079,Lincoln County,AR,NA
05081,Little River County,AR,NA
05083,Logan County,AR,86.35043562439496
05085,Lonoke County,AR,48.402710551790904
05087,Madison County,AR,NA
05089,Marion County,AR,NA
05091,Miller County,AR,87.31848983543078
05093,Mississippi County,AR,76.0890609874153
05095,Monroe County,AR,NA
05097,Montgomery County,AR,NA
05099,Nevada County,AR,NA
05103,Ouachita County,AR,NA
05105,Perry County,AR,NA
05107,Phillips County,AR,NA
05109,Pike County,AR,NA
05111,Poinsett County,AR,NA
05113,Polk County,AR,NA
05115,Pope County,AR,NA
05119,Pulaski County,AR,0.6776379477250726
05121,Randolph County,AR,NA
05123,St. Francis County,AR,NA
05125,Saline County,AR,72.31364956437561
05127,Scott County,AR,NA
05129,Searcy County,AR,NA
05131,Sebastian County,AR,NA
05133,Sevier County,AR,NA
05135,Sharp County,AR,NA
05137,Stone County,AR,NA
05139,Union County,AR,NA
05141,Van Buren County,AR,NA
05143,Washington County,AR,76.86350435624395
05145,White County,AR,80.54211035818007
05149,Yell County,AR,NA
06001,Alameda County,CA,35.91481122942885
06005,Amador County,CA,NA
06007,Butte County,CA,21.97483059051307
06009,Calaveras County,CA,NA
06011,Colusa County,CA,NA
06013,Contra Costa County,CA,12.87512100677638
06015,Del Norte County,CA,80.73572120038722
06017,El Dorado County,CA,77.1539206195547
06019,Fresno County,CA,24.491771539206194
06021,Glenn County,CA,NA
06023,Humboldt County,CA,54.404646660212975
06025,Imperial County,CA,37.947725072604065
06027,Inyo County,CA,NA
06029,Kern County,CA,11.423039690222653
06031,Kings County,CA,NA
06033,Lake County,CA,67.95740561471443
06035,Lassen County,CA,NA
06037,Los Angeles County,CA,29.62245885769603
06039,Madera County,CA,72.41045498547919
06041,Marin County,CA,4.646660212971927
06043,Mariposa County,CA,NA
06045,Mendocino County,CA,30.20329138431752
06047,Merced County,CA,9.390125847047434
06049,Modoc County,CA,NA
06051,Mono County,CA,NA
06053,Monterey County,CA,29.235237173281703
06055,Napa County,CA,NA
06057,Nevada County,CA,29.428848015488867
06059,Orange County,CA,37.173281703775416
06061,Placer County,CA,57.69603097773476
06063,Plumas County,CA,NA
06065,Riverside County,CA,12.003872216844142
06067,Sacramento County,CA,18.39303000968054
06069,San Benito County,CA,NA
06071,San Bernardino County,CA,38.8189738625363
06073,San Diego County,CA,20.135527589545017
06075,San Francisco County,CA,60.50338818973863
06077,San Joaquin County,CA,0.1936108422071636
06079,San Luis Obispo County,CA,NA
06081,San Mateo County,CA,17.037754114230395
06083,Santa Barbara County,CA,1.8393030009680542
06085,Santa Clara County,CA,29.33204259438529
06087,Santa Cruz County,CA,11.519845111326234
06089,Shasta County,CA,NA
06093,Siskiyou County,CA,66.89254598257503
06095,Solano County,CA,12.294288480154888
06097,Sonoma County,CA,31.17134559535334
06099,Stanislaus County,CA,58.08325266214908
06101,Sutter County,CA,38.62536302032914
06103,Tehama County,CA,NA
06105,Trinity County,CA,96.22458857696031
06107,Tulare County,CA,10.745401742497581
06109,Tuolumne County,CA,NA
06111,Ventura County,CA,69.40948693126815
06113,Yolo County,CA,61.76185866408519
06115,Yuba County,CA,NA
08001,Adams County,CO,40.755082284607944
08003,Alamosa County,CO,NA
08005,Arapahoe County,CO,26.040658276863503
08007,Archuleta County,CO,NA
08011,Bent County,CO,NA
08013,Boulder County,CO,NA
08014,Broomfield County,CO,83.25266214908035
08015,Chaffee County,CO,NA
08021,Conejos County,CO,NA
08027,Custer County,CO,99.41916747337851
08029,Delta County,CO,80.92933204259438
08031,Denver County,CO,17.231364956437563
08035,Douglas County,CO,5.711519845111327
08037,Eagle County,CO,NA
08039,Elbert County,CO,NA
08041,El Paso County,CO,47.14424007744434
08043,Fremont County,CO,NA
08045,Garfield County,CO,NA
08051,Gunnison County,CO,NA
08055,Huerfano County,CO,NA
08059,Jefferson County,CO,14.230396902226525
08063,Kit Carson County,CO,NA
08065,Lake County,CO,NA
08067,La Plata County,CO,NA
08069,Larimer County,CO,36.78606001936108
08071,Las Animas County,CO,NA
08075,Logan County,CO,NA
08077,Mesa County,CO,43.17521781219748
08081,Moffat County,CO,NA
08083,Montezuma County,CO,NA
08085,Montrose County,CO,NA
08087,Morgan County,CO,NA
08089,Otero County,CO,NA
08093,Park County,CO,NA
08095,Phillips County,CO,NA
08097,Pitkin County,CO,NA
08099,Prowers County,CO,NA
08101,Pueblo County,CO,30.493707647628266
08105,Rio Grande County,CO,NA
08107,Routt County,CO,NA
08109,Saguache County,CO,NA
08111,San Juan County,CO,99.03194578896418
08113,San Miguel County,CO,NA
08117,Summit County,CO,NA
08119,Teller County,CO,NA
08123,Weld County,CO,1.5488867376573088
08125,Yuma County,CO,NA
09001,Fairfield County,CT,49.85479186834463
09003,Hartford County,CT,59.14811229428848
09005,Litchfield County,CT,61.084220716360115
09007,Middlesex County,CT,26.621490803484992
09009,New Haven County,CT,53.533397870280744
09011,New London County,CT,76.37947725072604
09013,Tolland County,CT,8.809293320425944
09015,Windham County,CT,57.986447241045504
10001,Kent County,DE,74.92739593417231
10003,New Castle County,DE,1.1616650532429817
10005,Sussex County,DE,26.815101645692156
11001,District of Columbia,DC,30.396902226524684
12001,Alachua County,FL,87.80251694094869
12003,Baker County,FL,NA
12005,Bay County,FL,41.626331074540175
12007,Bradford County,FL,NA
12009,Brevard County,FL,67.5701839303001
12011,Broward County,FL,29.719264278799614
12013,Calhoun County,FL,83.63988383349468
12015,Charlotte County,FL,71.92642787996128
12017,Citrus County,FL,33.88189738625363
12019,Clay County,FL,27.105517909002902
12021,Collier County,FL,57.502420135527586
12023,Columbia County,FL,36.01161665053243
12027,DeSoto County,FL,NA
12029,Dixie County,FL,NA
12031,Duval County,FL,36.979670861568245
12033,Escambia County,FL,18.87705711519845
12035,Flagler County,FL,17.32817037754114
12037,Franklin County,FL,NA
12039,Gadsden County,FL,NA
12041,Gilchrist County,FL,NA
12043,Glades County,FL,NA
12045,Gulf County,FL,NA
12047,Hamilton County,FL,NA
12049,Hardee County,FL,NA
12051,Hendry County,FL,72.02323330106486
12053,Hernando County,FL,29.816069699903196
12055,Highlands County,FL,6.001936108422071
12057,Hillsborough County,FL,22.846079380445307
12059,Holmes County,FL,NA
12061,Indian River County,FL,NA
12063,Jackson County,FL,77.44433688286544
12065,Jefferson County,FL,NA
12067,Lafayette County,FL,NA
12069,Lake County,FL,4.065827686350436
12071,Lee County,FL,21.297192642787994
12073,Leon County,FL,36.49564375605034
12075,Levy County,FL,NA
12077,Liberty County,FL,NA
12079,Madison County,FL,NA
12081,Manatee County,FL,6.9699903194578905
12083,Marion County,FL,63.020329138431755
12085,Martin County,FL,20.619554695062924
12086,Miami-Dade County,FL,46.17618586640852
12087,Monroe County,FL,81.70377541142304
12089,Nassau County,FL,56.534365924491766
12091,Okaloosa County,FL,23.23330106485963
12093,Okeechobee County,FL,82.4782187802517
12095,Orange County,FL,6.7763794772507255
12097,Osceola County,FL,21.490803484995162
12099,Palm Beach County,FL,84.6079380445305
12101,Pasco County,FL,9.19651500484027
12103,Pinellas County,FL,31.655372700871247
12105,Polk County,FL,49.08034849951598
12107,Putnam County,FL,29.525653436592446
12109,St. Johns County,FL,19.94191674733785
12111,St. Lucie County,FL,34.17231364956437
12113,Santa Rosa County,FL,65.05324298160697
12115,Sarasota County,FL,66.79574056147143
12117,Seminole County,FL,43.75605033881897
12119,Sumter County,FL,47.24104549854792
12121,Suwannee County,FL,58.37366892545982
12123,Taylor County,FL,NA
12125,Union County,FL,92.64278799612778
12127,Volusia County,FL,35.04356243949661
12129,Wakulla County,FL,NA
12131,Walton County,FL,NA
12133,Washington County,FL,74.63697967086156
13001,Appling County,GA,NA
13003,Atkinson County,GA,NA
13005,Bacon County,GA,NA
13009,Baldwin County,GA,NA
13011,Banks County,GA,NA
13013,Barrow County,GA,39.399806389157796
13015,Bartow County,GA,66.4085188770571
13017,Ben Hill County,GA,NA
13019,Berrien County,GA,NA
13021,Bibb County,GA,38.72216844143272
13023,Bleckley County,GA,NA
13025,Brantley County,GA,97.48305905130688
13027,Brooks County,GA,NA
13029,Bryan County,GA,NA
13031,Bulloch County,GA,NA
13033,Burke County,GA,84.70474346563408
13035,Butts County,GA,NA
13037,Calhoun County,GA,NA
13039,Camden County,GA,NA
13043,Candler County,GA,NA
13045,Carroll County,GA,NA
13047,Catoosa County,GA,NA
13049,Charlton County,GA,NA
13051,Chatham County,GA,25.653436592449175
13055,Chattooga County,GA,NA
13057,Cherokee County,GA,72.89448209099709
13059,Clarke County,GA,62.14908034849952
13061,Clay County,GA,NA
13063,Clayton County,GA,13.359148112294289
13065,Clinch County,GA,NA
13067,Cobb County,GA,61.955469506292346
13069,Coffee County,GA,93.70764762826718
13071,Colquitt County,GA,NA
13073,Columbia County,GA,77.73475314617619
13075,Cook County,GA,91.77153920619556
13077,Coweta County,GA,NA
13079,Crawford County,GA,NA
13081,Crisp County,GA,76.5730880929332
13083,Dade County,GA,NA
13085,Dawson County,GA,NA
13087,Decatur County,GA,79.18683446272992
13089,DeKalb County,GA,15.779283639883834
13091,Dodge County,GA,NA
13093,Dooly County,GA,NA
13095,Dougherty County,GA,24.394966118102616
13097,Douglas County,GA,69.79670861568248
13099,Early County,GA,88.2865440464666
13103,Effingham County,GA,67.08615682478218
13105,Elbert County,GA,84.31752178121975
13107,Emanuel County,GA,NA
13109,Evans County,GA,94.09486931268151
13111,Fannin County,GA,NA
13113,Fayette County,GA,34.36592449177154
13115,Floyd County,GA,28.944820909970957
13117,Forsyth County,GA,NA
13119,Franklin County,GA,NA
13121,Fulton County,GA,30.009680542110356
13123,Gilmer County,GA,NA
13127,Glynn County,GA,NA
13129,Gordon County,GA,62.052274927395935
13131,Grady County,GA,NA
13133,Greene County,GA,NA
13135,Gwinnett County,GA,58.95450145208132
13137,Habersham County,GA,NA
13139,Hall County,GA,89.64181994191675
13141,Hancock County,GA,NA
13143,Haralson County,GA,NA
13145,Harris County,GA,NA
13147,Hart County,GA,NA
13149,Heard County,GA,NA
13151,Henry County,GA,60.21297192642788
13153,Houston County,GA,NA
13155,Irwin County,GA,NA
13157,Jackson County,GA,71.8296224588577
13159,Jasper County,GA,NA
13161,Jeff Davis County,GA,NA
13163,Jefferson County,GA,NA
13165,Jenkins County,GA,NA
13167,Johnson County,GA,NA
13169,Jones County,GA,NA
13171,Lamar County,GA,NA
13173,Lanier County,GA,NA
13175,Laurens County,GA,NA
13177,Lee County,GA,NA
13179,Liberty County,GA,81.21974830590513
13181,Lincoln County,GA,NA
13183,Long County,GA,98.16069699903196
13185,Lowndes County,GA,23.814133591481124
13187,Lumpkin County,GA,97.09583736689254
13189,McDuffie County,GA,NA
13191,McIntosh County,GA,NA
13193,Macon County,GA,NA
13195,Madison County,GA,NA
13197,Marion County,GA,NA
13199,Meriwether County,GA,NA
13201,Miller County,GA,NA
13205,Mitchell County,GA,NA
13207,Monroe County,GA,NA
13211,Morgan County,GA,NA
13213,Murray County,GA,NA
13215,Muscogee County,GA,37.56050338818974
13217,Newton County,GA,NA
13219,Oconee County,GA,NA
13223,Paulding County,GA,65.63407550822846
13225,Peach County,GA,70.28073572120039
13227,Pickens County,GA,NA
13229,Pierce County,GA,NA
13231,Pike County,GA,NA
13233,Polk County,GA,47.82187802516941
13235,Pulaski County,GA,NA
13237,Putnam County,GA,89.54501452081317
13239,Quitman County,GA,NA
13241,Rabun County,GA,NA
13243,Randolph County,GA,96.12778315585673
13245,Richmond County,GA,26.91190706679574
13247,Rockdale County,GA,NA
13249,Schley County,GA,NA
13251,Screven County,GA,NA
13253,Seminole County,GA,NA
13255,Spalding County,GA,76.76669893514037
13257,Stephens County,GA,NA
13261,Sumter County,GA,NA
13263,Talbot County,GA,NA
13267,Tattnall County,GA,NA
13269,Taylor County,GA,NA
13271,Telfair County,GA,NA
13273,Terrell County,GA,NA
13275,Thomas County,GA,55.759922555663124
13277,Tift County,GA,NA
13279,Toombs County,GA,NA
13281,Towns County,GA,NA
13283,Treutlen County,GA,NA
13285,Troup County,GA,30.68731848983543
13287,Turner County,GA,90.9970958373669
13289,Twiggs County,GA,NA
13291,Union County,GA,NA
13293,Upson County,GA,NA
13295,Walker County,GA,NA
13297,Walton County,GA,19.845111326234267
13299,Ware County,GA,NA
13301,Warren County,GA,NA
13303,Washington County,GA,NA
13305,Wayne County,GA,79.09002904162634
13309,Wheeler County,GA,NA
13311,White County,GA,NA
13313,Whitfield County,GA,98.45111326234269
13315,Wilcox County,GA,NA
13317,Wilkes County,GA,NA
13319,Wilkinson County,GA,NA
13321,Worth County,GA,85.96321393998065
15001,Hawaii County,HI,46.2729912875121
15003,Honolulu County,HI,2.032913843175218
15007,Kauai County,HI,65.24685382381413
15009,Maui County,HI,41.43272023233301
16001,Ada County,ID,71.44240077444337
16005,Bannock County,ID,85.76960309777347
16009,Benewah County,ID,NA
16011,Bingham County,ID,56.9215876089061
16013,Blaine County,ID,89.73862536302033
16017,Bonner County,ID,91.9651500484027
16019,Bonneville County,ID,24.78218780251694
16021,Boundary County,ID,NA
16027,Canyon County,ID,13.45595353339787
16029,Caribou County,ID,NA
16031,Cassia County,ID,NA
16035,Clearwater County,ID,NA
16039,Elmore County,ID,NA
16041,Franklin County,ID,NA
16043,Fremont County,ID,NA
16045,Gem County,ID,NA
16047,Gooding County,ID,NA
16049,Idaho County,ID,NA
16051,Jefferson County,ID,NA
16053,Jerome County,ID,74.4433688286544
16055,Kootenai County,ID,33.10745401742498
16057,Latah County,ID,NA
16059,Lemhi County,ID,NA
16065,Madison County,ID,NA
16067,Minidoka County,ID,NA
16069,Nez Perce County,ID,47.43465634075508
16071,Oneida County,ID,NA
16073,Owyhee County,ID,NA
16075,Payette County,ID,NA
16077,Power County,ID,NA
16081,Teton County,ID,NA
16083,Twin Falls County,ID,58.27686350435625
16085,Valley County,ID,93.32042594385285
16087,Washington County,ID,89.351403678606
17001,Adams County,IL,NA
17003,Alexander County,IL,NA
17005,Bond County,IL,NA
17007,Boone County,IL,NA
17009,Brown County,IL,NA
17011,Bureau County,IL,86.1568247821878
17015,Carroll County,IL,NA
17017,Cass County,IL,NA
17019,Champaign County,IL,26.524685382381413
17021,Christian County,IL,NA
17023,Clark County,IL,NA
17025,Clay County,IL,NA
17027,Clinton County,IL,NA
17029,Coles County,IL,NA
17031,Cook County,IL,27.97676669893514
17033,Crawford County,IL,NA
17035,Cumberland County,IL,NA
17037,DeKalb County,IL,NA
17039,De Witt County,IL,NA
17041,Douglas County,IL,NA
17043,DuPage County,IL,10.551790900290415
17045,Edgar County,IL,84.22071636011617
17047,Edwards County,IL,NA
17049,Effingham County,IL,NA
17051,Fayette County,IL,86.44724104549854
17053,Ford County,IL,NA
17055,Franklin County,IL,60.89060987415296
17057,Fulton County,IL,NA
17061,Greene County,IL,NA
17063,Grundy County,IL,NA
17065,Hamilton County,IL,NA
17067,Hancock County,IL,NA
17073,Henry County,IL,59.24491771539206
17075,Iroquois County,IL,NA
17077,Jackson County,IL,NA
17079,Jasper County,IL,NA
17081,Jefferson County,IL,75.99225556631171
17083,Jersey County,IL,NA
17085,Jo Daviess County,IL,NA
17087,Johnson County,IL,NA
17089,Kane County,IL,48.01548886737657
17091,Kankakee County,IL,NA
17093,Kendall County,IL,32.81703775411423
17095,Knox County,IL,87.99612778315586
17097,Lake County,IL,68.24782187802518
17099,LaSalle County,IL,NA
17101,Lawrence County,IL,NA
17103,Lee County,IL,NA
17105,Livingston County,IL,NA
17107,Logan County,IL,NA
17109,McDonough County,IL,NA
17111,McHenry County,IL,15.004840271055178
17113,McLean County,IL,NA
17115,Macon County,IL,7.066795740561471
17117,Macoupin County,IL,62.43949661181026
17119,Madison County,IL,54.69506292352372
17121,Marion County,IL,NA
17125,Mason County,IL,NA
17127,Massac County,IL,NA
17129,Menard County,IL,NA
17131,Mercer County,IL,NA
17133,Monroe County,IL,NA
17135,Montgomery County,IL,NA
17137,Morgan County,IL,96.90222652468539
17139,Moultrie County,IL,NA
17141,Ogle County,IL,57.599225556631175
17143,Peoria County,IL,9.486931268151016
17145,Perry County,IL,NA
17147,Piatt County,IL,NA
17149,Pike County,IL,NA
17157,Randolph County,IL,NA
17159,Richland County,IL,NA
17161,Rock Island County,IL,20.038722168441435
17163,St. Clair County,IL,55.08228460793805
17165,Saline County,IL,NA
17167,Sangamon County,IL,56.05033881897386
17169,Schuyler County,IL,NA
17171,Scott County,IL,NA
17173,Shelby County,IL,NA
17177,Stephenson County,IL,NA
17179,Tazewell County,IL,67.76379477250725
17181,Union County,IL,NA
17183,Vermilion County,IL,25.75024201355276
17185,Wabash County,IL,NA
17187,Warren County,IL,NA
17189,Washington County,IL,NA
17191,Wayne County,IL,NA
17193,White County,IL,NA
17195,Whiteside County,IL,NA
17197,Will County,IL,0.7744433688286544
17199,Williamson County,IL,NA
17201,Winnebago County,IL,NA
17203,Woodford County,IL,85.38238141335914
18001,Adams County,IN,NA
18003,Allen County,IN,11.81026137463698
18005,Bartholomew County,IN,NA
18007,Benton County,IN,NA
18009,Blackford County,IN,NA
18011,Boone County,IN,NA
18013,Brown County,IN,NA
18015,Carroll County,IN,NA
18017,Cass County,IN,NA
18019,Clark County,IN,NA
18021,Clay County,IN,NA
18023,Clinton County,IN,NA
18027,Daviess County,IN,NA
18029,Dearborn County,IN,NA
18031,Decatur County,IN,NA
18033,DeKalb County,IN,NA
18035,Delaware County,IN,55.95353339787028
18037,Dubois County,IN,63.21393998063891
18039,Elkhart County,IN,10.26137463697967
18041,Fayette County,IN,50.048402710551784
18043,Floyd County,IN,69.31268151016457
18045,Fountain County,IN,81.51016456921589
18047,Franklin County,IN,NA
18049,Fulton County,IN,NA
18051,Gibson County,IN,NA
18053,Grant County,IN,15.10164569215876
18055,Greene County,IN,75.60503388189738
18057,Hamilton County,IN,56.82478218780251
18059,Hancock County,IN,NA
18061,Harrison County,IN,NA
18063,Hendricks County,IN,71.34559535333979
18065,Henry County,IN,43.368828654404645
18067,Howard County,IN,NA
18069,Huntington County,IN,53.14617618586641
18071,Jackson County,IN,62.53630203291385
18073,Jasper County,IN,NA
18075,Jay County,IN,NA
18077,Jefferson County,IN,80.83252662149081
18079,Jennings County,IN,NA
18081,Johnson County,IN,70.47434656340755
18083,Knox County,IN,NA
18085,Kosciusko County,IN,75.41142303969022
18087,LaGrange County,IN,NA
18089,Lake County,IN,43.852855759922555
18091,LaPorte County,IN,58.56727976766699
18093,Lawrence County,IN,NA
18095,Madison County,IN,37.85091965150048
18097,Marion County,IN,1.7424975798644726
18099,Marshall County,IN,50.14520813165537
18101,Martin County,IN,NA
18103,Miami County,IN,NA
18105,Monroe County,IN,42.884801548886735
18107,Montgomery County,IN,NA
18109,Morgan County,IN,NA
18111,Newton County,IN,NA
18113,Noble County,IN,NA
18115,Ohio County,IN,NA
18117,Orange County,IN,NA
18119,Owen County,IN,89.44820909970959
18121,Parke County,IN,NA
18123,Perry County,IN,NA
18125,Pike County,IN,NA
18127,Porter County,IN,10.164569215876089
18129,Posey County,IN,NA
18131,Pulaski County,IN,NA
18133,Putnam County,IN,74.73378509196516
18135,Randolph County,IN,NA
18137,Ripley County,IN,NA
18139,Rush County,IN,NA
18141,St. Joseph County,IN,23.330106485963213
18143,Scott County,IN,NA
18145,Shelby County,IN,NA
18147,Spencer County,IN,NA
18149,Starke County,IN,NA
18151,Steuben County,IN,NA
18153,Sullivan County,IN,NA
18155,Switzerland County,IN,NA
18157,Tippecanoe County,IN,NA
18159,Tipton County,IN,NA
18161,Union County,IN,NA
18163,Vanderburgh County,IN,50.82284607938045
18165,Vermillion County,IN,NA
18167,Vigo County,IN,NA
18169,Wabash County,IN,NA
18171,Warren County,IN,NA
18173,Warrick County,IN,73.08809293320427
18175,Washington County,IN,NA
18177,Wayne County,IN,24.588576960309776
18179,Wells County,IN,NA
18181,White County,IN,NA
18183,Whitley County,IN,NA
19005,Allamakee County,IA,94.48209099709584
19007,Appanoose County,IA,77.6379477250726
19011,Benton County,IA,NA
19013,Black Hawk County,IA,39.787028073572124
19015,Boone County,IA,NA
19017,Bremer County,IA,86.93126815101647
19019,Buchanan County,IA,NA
19021,Buena Vista County,IA,NA
19027,Carroll County,IA,90.60987415295256
19029,Cass County,IA,NA
19031,Cedar County,IA,NA
19033,Cerro Gordo County,IA,NA
19035,Cherokee County,IA,NA
19037,Chickasaw County,IA,94.38528557599226
19039,Clarke County,IA,NA
19041,Clay County,IA,94.19167473378509
19043,Clayton County,IA,NA
19045,Clinton County,IA,79.28363988383349
19047,Crawford County,IA,95.45014520813166
19049,Dallas County,IA,NA
19051,Davis County,IA,NA
19053,Decatur County,IA,NA
19055,Delaware County,IA,96.99903194578896
19057,Des Moines County,IA,88.57696030977735
19059,Dickinson County,IA,NA
19061,Dubuque County,IA,NA
19063,Emmet County,IA,NA
19065,Fayette County,IA,NA
19067,Floyd County,IA,NA
19069,Franklin County,IA,NA
19071,Fremont County,IA,NA
19073,Greene County,IA,NA
19077,Guthrie County,IA,NA
19079,Hamilton County,IA,NA
19083,Hardin County,IA,NA
19085,Harrison County,IA,NA
19087,Henry County,IA,NA
19089,Howard County,IA,NA
19091,Humboldt County,IA,NA
19095,Iowa County,IA,NA
19097,Jackson County,IA,NA
19099,Jasper County,IA,83.05905130687319
19101,Jefferson County,IA,NA
19103,Johnson County,IA,43.65924491771539
19105,Jones County,IA,NA
19109,Kossuth County,IA,97.77347531461761
19111,Lee County,IA,NA
19113,Linn County,IA,NA
19115,Louisa County,IA,NA
19117,Lucas County,IA,NA
19121,Madison County,IA,NA
19123,Mahaska County,IA,NA
19125,Marion County,IA,NA
19127,Marshall County,IA,NA
19129,Mills County,IA,NA
19131,Mitchell County,IA,NA
19133,Monona County,IA,NA
19135,Monroe County,IA,NA
19137,Montgomery County,IA,NA
19139,Muscatine County,IA,NA
19141,O'Brien County,IA,NA
19143,Osceola County,IA,NA
19145,Page County,IA,NA
19147,Palo Alto County,IA,NA
19149,Plymouth County,IA,85.0919651500484
19153,Polk County,IA,35.721200387221685
19155,Pottawattamie County,IA,NA
19157,Poweshiek County,IA,NA
19161,Sac County,IA,NA
19163,Scott County,IA,NA
19165,Shelby County,IA,87.41529525653436
19167,Sioux County,IA,NA
19169,Story County,IA,NA
19171,Tama County,IA,NA
19175,Union County,IA,NA
19179,Wapello County,IA,NA
19181,Warren County,IA,NA
19183,Washington County,IA,NA
19185,Wayne County,IA,NA
19187,Webster County,IA,68.73184898354307
19189,Winnebago County,IA,NA
19191,Winneshiek County,IA,NA
19193,Woodbury County,IA,28.84801548886738
19197,Wright County,IA,NA
20001,Allen County,KS,NA
20003,Anderson County,KS,NA
20005,Atchison County,KS,NA
20009,Barton County,KS,83.93030009680542
20011,Bourbon County,KS,NA
20013,Brown County,KS,NA
20015,Butler County,KS,NA
20021,Cherokee County,KS,NA
20027,Clay County,KS,NA
20029,Cloud County,KS,NA
20031,Coffey County,KS,NA
20035,Cowley County,KS,NA
20037,Crawford County,KS,NA
20041,Dickinson County,KS,NA
20043,Doniphan County,KS,NA
20045,Douglas County,KS,35.81800580832527
20051,Ellis County,KS,NA
20053,Ellsworth County,KS,NA
20055,Finney County,KS,NA
20057,Ford County,KS,NA
20059,Franklin County,KS,NA
20061,Geary County,KS,NA
20067,Grant County,KS,98.3543078412391
20069,Gray County,KS,NA
20073,Greenwood County,KS,NA
20077,Harper County,KS,NA
20079,Harvey County,KS,85.18877057115198
20081,Haskell County,KS,NA
20085,Jackson County,KS,NA
20087,Jefferson County,KS,NA
20091,Johnson County,KS,8.228460793804453
20093,Kearny County,KS,NA
20095,Kingman County,KS,NA
20099,Labette County,KS,NA
20103,Leavenworth County,KS,NA
20107,Linn County,KS,NA
20109,Logan County,KS,NA
20111,Lyon County,KS,77.54114230396902
20113,McPherson County,KS,NA
20115,Marion County,KS,NA
20117,Marshall County,KS,NA
20119,Meade County,KS,NA
20121,Miami County,KS,NA
20123,Mitchell County,KS,NA
20125,Montgomery County,KS,78.31558567279767
20127,Morris County,KS,NA
20131,Nemaha County,KS,99.12875121006776
20133,Neosho County,KS,NA
20135,Ness County,KS,NA
20137,Norton County,KS,NA
20139,Osage County,KS,NA
20141,Osborne County,KS,NA
20143,Ottawa County,KS,NA
20145,Pawnee County,KS,NA
20147,Phillips County,KS,99.80638915779284
20149,Pottawatomie County,KS,NA
20151,Pratt County,KS,NA
20155,Reno County,KS,NA
20157,Republic County,KS,NA
20159,Rice County,KS,NA
20161,Riley County,KS,NA
20167,Russell County,KS,92.73959341723138
20169,Saline County,KS,NA
20171,Scott County,KS,NA
20173,Sedgwick County,KS,47.62826718296225
20175,Seward County,KS,NA
20177,Shawnee County,KS,61.37463697967086
20179,Sheridan County,KS,NA
20181,Sherman County,KS,92.35237173281703
20185,Stafford County,KS,NA
20187,Stanton County,KS,NA
20189,Stevens County,KS,NA
20191,Sumner County,KS,NA
20193,Thomas County,KS,90.9002904162633
20205,Wilson County,KS,NA
20209,Wyandotte County,KS,9.09970958373669
21001,Adair County,KY,NA
21003,Allen County,KY,91.38431752178123
21005,Anderson County,KY,81.12294288480155
21007,Ballard County,KY,NA
21009,Barren County,KY,NA
21011,Bath County,KY,NA
21013,Bell County,KY,51.69409486931268
21015,Boone County,KY,NA
21017,Bourbon County,KY,79.7676669893514
21019,Boyd County,KY,49.56437560503388
21021,Boyle County,KY,NA
21023,Bracken County,KY,NA
21025,Breathitt County,KY,NA
21027,Breckinridge County,KY,93.90125847047435
21029,Bullitt County,KY,NA
21031,Butler County,KY,NA
21033,Caldwell County,KY,NA
21035,Calloway County,KY,NA
21037,Campbell County,KY,NA
21039,Carlisle County,KY,NA
21041,Carroll County,KY,NA
21043,Carter County,KY,NA
21045,Casey County,KY,NA
21047,Christian County,KY,NA
21049,Clark County,KY,NA
21051,Clay County,KY,89.93223620522748
21053,Clinton County,KY,NA
21055,Crittenden County,KY,NA
21057,Cumberland County,KY,95.06292352371733
21059,Daviess County,KY,NA
21061,Edmonson County,KY,NA
21063,Elliott County,KY,NA
21065,Estill County,KY,NA
21067,Fayette County,KY,NA
21069,Fleming County,KY,NA
21071,Floyd County,KY,NA
21075,Fulton County,KY,NA
21077,Gallatin County,KY,NA
21079,Garrard County,KY,NA
21081,Grant County,KY,NA
21083,Graves County,KY,NA
21085,Grayson County,KY,NA
21087,Green County,KY,NA
21089,Greenup County,KY,69.1190706679574
21091,Hancock County,KY,NA
21093,Hardin County,KY,18.68344627299129
21095,Harlan County,KY,NA
21097,Harrison County,KY,NA
21099,Hart County,KY,NA
21101,Henderson County,KY,NA
21103,Henry County,KY,NA
21105,Hickman County,KY,NA
21107,Hopkins County,KY,53.63020329138431
21109,Jackson County,KY,NA
21111,Jefferson County,KY,5.324298160696999
21113,Jessamine County,KY,NA
21115,Johnson County,KY,NA
21117,Kenton County,KY,55.56631171345595
21119,Knott County,KY,NA
21121,Knox County,KY,NA
21123,Larue County,KY,NA
21125,Laurel County,KY,40.46466602129719
21127,Lawrence County,KY,NA
21129,Lee County,KY,NA
21131,Leslie County,KY,NA
21133,Letcher County,KY,NA
21135,Lewis County,KY,NA
21137,Lincoln County,KY,NA
21139,Livingston County,KY,NA
21141,Logan County,KY,71.15198451113262
21143,Lyon County,KY,NA
21145,McCracken County,KY,NA
21147,McCreary County,KY,91.57792836398838
21149,McLean County,KY,NA
21151,Madison County,KY,NA
21153,Magoffin County,KY,NA
21155,Marion County,KY,NA
21157,Marshall County,KY,59.34172313649564
21159,Martin County,KY,94.86931268151017
21161,Mason County,KY,82.09099709583737
21163,Meade County,KY,NA
21165,Menifee County,KY,NA
21167,Mercer County,KY,NA
21169,Metcalfe County,KY,NA
21171,Monroe County,KY,NA
21173,Montgomery County,KY,NA
21175,Morgan County,KY,NA
21177,Muhlenberg County,KY,NA
21179,Nelson County,KY,78.99322362052274
21181,Nicholas County,KY,NA
21183,Ohio County,KY,NA
21185,Oldham County,KY,NA
21187,Owen County,KY,NA
21189,Owsley County,KY,NA
21191,Pendleton County,KY,NA
21193,Perry County,KY,NA
21195,Pike County,KY,NA
21197,Powell County,KY,NA
21199,Pulaski County,KY,68.34462729912875
21203,Rockcastle County,KY,NA
21205,Rowan County,KY,NA
21207,Russell County,KY,81.31655372700871
21209,Scott County,KY,NA
21211,Shelby County,KY,74.15295256534365
21213,Simpson County,KY,NA
21215,Spencer County,KY,NA
21217,Taylor County,KY,NA
21219,Todd County,KY,NA
21221,Trigg County,KY,NA
21223,Trimble County,KY,99.90319457889642
21225,Union County,KY,NA
21227,Warren County,KY,22.94288480154889
21229,Washington County,KY,NA
21231,Wayne County,KY,NA
21233,Webster County,KY,NA
21235,Whitley County,KY,NA
21237,Wolfe County,KY,NA
21239,Woodford County,KY,NA
22001,Acadia Parish,LA,NA
22003,Allen Parish,LA,NA
22005,Ascension Parish,LA,12.584704743465633
22007,Assumption Parish,LA,NA
22009,Avoyelles Parish,LA,NA
22011,Beauregard Parish,LA,NA
22013,Bienville Parish,LA,NA
22015,Bossier Parish,LA,7.744433688286543
22017,Caddo Parish,LA,11.035818005808325
22019,Calcasieu Parish,LA,1.0648596321393997
22021,Caldwell Parish,LA,81.80058083252662
22025,Catahoula Parish,LA,NA
22027,Claiborne Parish,LA,NA
22029,Concordia Parish,LA,NA
22031,De Soto Parish,LA,71.2487899322362
22033,East Baton Rouge Parish,LA,NA
22035,East Carroll Parish,LA,NA
22037,East Feliciana Parish,LA,NA
22039,Evangeline Parish,LA,51.210067763794775
22041,Franklin Parish,LA,NA
22043,Grant Parish,LA,NA
22045,Iberia Parish,LA,18.005808325266216
22047,Iberville Parish,LA,NA
22049,Jackson Parish,LA,NA
22051,Jefferson Parish,LA,8.712487899322362
22053,Jefferson Davis Parish,LA,NA
22055,Lafayette Parish,LA,0.8712487899322363
22057,Lafourche Parish,LA,4.84027105517909
22059,La Salle Parish,LA,NA
22061,Lincoln Parish,LA,71.05517909002904
22063,Livingston Parish,LA,28.46079380445305
22065,Madison Parish,LA,NA
22067,Morehouse Parish,LA,NA
22069,Natchitoches Parish,LA,NA
22071,Orleans Parish,LA,50.43562439496612
22073,Ouachita Parish,LA,2.2265246853823815
22075,Plaquemines Parish,LA,NA
22077,Pointe Coupee Parish,LA,NA
22079,Rapides Parish,LA,5.227492739593417
22081,Red River Parish,LA,NA
22083,Richland Parish,LA,NA
22085,Sabine Parish,LA,NA
22087,St. Bernard Parish,LA,52.85575992255567
22089,St. Charles Parish,LA,53.436592449177155
22091,St. Helena Parish,LA,NA
22093,St. James Parish,LA,NA
22095,St. John the Baptist Parish,LA,NA
22097,St. Landry Parish,LA,36.205227492739596
22099,St. Martin Parish,LA,NA
22101,St. Mary Parish,LA,34.84995159728945
22103,St. Tammany Parish,LA,17.909002904162634
22105,Tangipahoa Parish,LA,66.5053242981607
22109,Terrebonne Parish,LA,NA
22111,Union Parish,LA,NA
22113,Vermilion Parish,LA,NA
22115,Vernon Parish,LA,60.30977734753146
22117,Washington Parish,LA,18.19941916747338
22119,Webster Parish,LA,87.60890609874153
22121,West Baton Rouge Parish,LA,NA
22123,West Carroll Parish,LA,NA
22125,West Feliciana Parish,LA,NA
22127,Winn Parish,LA,NA
23001,Androscoggin County,ME,4.356243949661181
23003,Aroostook County,ME,NA
23005,Cumberland County,ME,51.30687318489835
23007,Franklin County,ME,NA
23009,Hancock County,ME,94.96611810261375
23011,Kennebec County,ME,73.76573088092934
23013,Knox County,ME,NA
23015,Lincoln County,ME,NA
23017,Oxford County,ME,44.24007744433688
23019,Penobscot County,ME,51.88770571151985
23021,Piscataquis County,ME,NA
23023,Sagadahoc County,ME,63.98838334946757
23025,Somerset County,ME,NA
23027,Waldo County,ME,88.8673765730881
23029,Washington County,ME,NA
23031,York County,ME,4.937076476282671
24001,Allegany County,MD,46.079380445304935
24003,Anne Arundel County,MD,52.468538238141335
24005,Baltimore County,MD,40.07744433688287
24009,Calvert County,MD,54.11423039690223
24011,Caroline County,MD,NA
24013,Carroll County,MD,NA
24015,Cecil County,MD,56.437560503388184
24017,Charles County,MD,NA
24019,Dorchester County,MD,78.79961277831559
24021,Frederick County,MD,64.56921587608906
24023,Garrett County,MD,75.70183930300097
24025,Harford County,MD,57.405614714424004
24027,Howard County,MD,41.23910939012585
24029,Kent County,MD,NA
24031,Montgomery County,MD,47.047434656340755
24033,Prince George's County,MD,33.30106485963214
24035,Queen Anne's County,MD,NA
24037,St. Mary's County,MD,NA
24039,Somerset County,MD,NA
24041,Talbot County,MD,NA
24043,Washington County,MD,NA
24045,Wicomico County,MD,NA
24047,Worcester County,MD,NA
24510,Baltimore city,MD,7.163601161665054
25001,Barnstable County,MA,62.24588576960309
25003,Berkshire County,MA,5.033881897386254
25005,Bristol County,MA,6.195546950629235
25007,Dukes County,MA,NA
25009,Essex County,MA,22.168441432720233
25011,Franklin County,MA,NA
25013,Hampden County,MA,5.130687318489835
25015,Hampshire County,MA,1.9361084220716358
25017,Middlesex County,MA,25.84704743465634
25019,Nantucket County,MA,NA
25021,Norfolk County,MA,0.9680542110358179
25023,Plymouth County,MA,36.30203291384318
25025,Suffolk County,MA,16.263310745401743
25027,Worcester County,MA,3.581800580832527
26003,Alger County,MI,NA
26005,Allegan County,MI,NA
26007,Alpena County,MI,NA
26009,Antrim County,MI,NA
26011,Arenac County,MI,NA
26013,Baraga County,MI,NA
26015,Barry County,MI,42.0135527589545
26017,Bay County,MI,64.47241045498548
26019,Benzie County,MI,NA
26021,Berrien County,MI,2.8073572120038723
26023,Branch County,MI,NA
26025,Calhoun County,MI,NA
26027,Cass County,MI,NA
26029,Charlevoix County,MI,NA
26031,Cheboygan County,MI,NA
26033,Chippewa County,MI,82.9622458857696
26035,Clare County,MI,NA
26037,Clinton County,MI,48.78993223620523
26039,Crawford County,MI,NA
26041,Delta County,MI,NA
26043,Dickinson County,MI,NA
26045,Eaton County,MI,NA
26047,Emmet County,MI,NA
26049,Genesee County,MI,22.265246853823815
26051,Gladwin County,MI,46.85382381413359
26053,Gogebic County,MI,84.027105517909
26055,Grand Traverse County,MI,15.295256534365926
26057,Gratiot County,MI,57.01839303000968
26059,Hillsdale County,MI,NA
26061,Houghton County,MI,77.92836398838335
26063,Huron County,MI,NA
26065,Ingham County,MI,21.200387221684412
26067,Ionia County,MI,69.6999031945789
26069,Iosco County,MI,NA
26071,Iron County,MI,NA
26073,Isabella County,MI,81.02613746369796
26075,Jackson County,MI,20.42594385285576
26077,Kalamazoo County,MI,NA
26079,Kalkaska County,MI,NA
26081,Kent County,MI,24.201355275895452
26085,Lake County,MI,97.38625363020329
26087,Lapeer County,MI,19.554695062923525
26089,Leelanau County,MI,NA
26091,Lenawee County,MI,40.174249757986445
26093,Livingston County,MI,36.88286544046467
26095,Luce County,MI,NA
26097,Mackinac County,MI,NA
26099,Macomb County,MI,8.03484995159729
26101,Manistee County,MI,NA
26103,Marquette County,MI,24.298160696999034
26105,Mason County,MI,NA
26107,Mecosta County,MI,61.27783155856727
26109,Menominee County,MI,NA
26111,Midland County,MI,79.96127783155856
26113,Missaukee County,MI,NA
26115,Monroe County,MI,38.04453049370765
26117,Montcalm County,MI,68.82865440464666
26119,Montmorency County,MI,NA
26121,Muskegon County,MI,1.2584704743465636
26123,Newaygo County,MI,83.5430784123911
26125,Oakland County,MI,38.52855759922556
26127,Oceana County,MI,72.79767666989352
26129,Ogemaw County,MI,92.5459825750242
26131,Ontonagon County,MI,NA
26133,Osceola County,MI,66.69893514036787
26135,Oscoda County,MI,96.805421103581807
26137,Otsego County,MI,NA
26139,Ottawa County,MI,68.15101645692158
26141,Presque Isle County,MI,NA
26143,Roscommon County,MI,60.40658276863504
26145,Saginaw County,MI,3.969022265246854
26147,St. Clair County,MI,2.3233301064859635
26149,St. Joseph County,MI,NA
26151,Sanilac County,MI,60.98741529525653
26153,Schoolcraft County,MI,NA
26155,Shiawassee County,MI,16.84414327202323
26157,Tuscola County,MI,62.82671829622459
26159,Van Buren County,MI,NA
26161,Washtenaw County,MI,55.27589545014521
26163,Wayne County,MI,16.36011616650532
26165,Wexford County,MI,NA
27001,Aitkin County,MN,NA
27003,Anoka County,MN,16.16650532429816
27005,Becker County,MN,NA
27007,Beltrami County,MN,23.62052274927396
27009,Benton County,MN,NA
27011,Big Stone County,MN,NA
27013,Blue Earth County,MN,NA
27015,Brown County,MN,NA
27017,Carlton County,MN,71.53920619554695
27019,Carver County,MN,NA
27021,Cass County,MN,92.44917715392062
27023,Chippewa County,MN,NA
27025,Chisago County,MN,NA
27027,Clay County,MN,NA
27029,Clearwater County,MN,NA
27033,Cottonwood County,MN,87.51210067763795
27035,Crow Wing County,MN,86.83446272991287
27037,Dakota County,MN,1.452081316553727
27039,Dodge County,MN,NA
27041,Douglas County,MN,NA
27043,Faribault County,MN,NA
27045,Fillmore County,MN,NA
27047,Freeborn County,MN,39.690222652468535
27049,Goodhue County,MN,40.658276863504355
27053,Hennepin County,MN,19.36108422071636
27055,Houston County,MN,NA
27057,Hubbard County,MN,NA
27059,Isanti County,MN,NA
27061,Itasca County,MN,NA
27063,Jackson County,MN,NA
27065,Kanabec County,MN,NA
27067,Kandiyohi County,MN,NA
27069,Kittson County,MN,NA
27071,Koochiching County,MN,NA
27073,Lac qui Parle County,MN,NA
27077,Lake of the Woods County,MN,NA
27079,Le Sueur County,MN,NA
27081,Lincoln County,MN,NA
27083,Lyon County,MN,78.50919651500485
27085,McLeod County,MN,NA
27089,Marshall County,MN,NA
27091,Martin County,MN,NA
27093,Meeker County,MN,NA
27095,Mille Lacs County,MN,74.24975798644724
27097,Morrison County,MN,58.18005808325266
27099,Mower County,MN,NA
27101,Murray County,MN,99.70958373668925
27103,Nicollet County,MN,NA
27105,Nobles County,MN,NA
27107,Norman County,MN,NA
27109,Olmsted County,MN,47.531461761858665
27111,Otter Tail County,MN,NA
27113,Pennington County,MN,NA
27115,Pine County,MN,79.864472410455
27117,Pipestone County,MN,NA
27119,Polk County,MN,NA
27121,Pope County,MN,NA
27123,Ramsey County,MN,48.88673765730881
27125,Red Lake County,MN,NA
27127,Redwood County,MN,NA
27129,Renville County,MN,NA
27131,Rice County,MN,57.30880929332043
27133,Rock County,MN,NA
27135,Roseau County,MN,NA
27137,St. Louis County,MN,6.389157792836399
27139,Scott County,MN,NA
27141,Sherburne County,MN,NA
27143,Sibley County,MN,NA
27145,Stearns County,MN,63.11713455953534
27147,Steele County,MN,NA
27149,Stevens County,MN,NA
27151,Swift County,MN,NA
27153,Todd County,MN,NA
27157,Wabasha County,MN,74.54017424975798
27159,Wadena County,MN,NA
27161,Waseca County,MN,NA
27163,Washington County,MN,49.37076476282672
27165,Watonwan County,MN,NA
27167,Wilkin County,MN,NA
27169,Winona County,MN,64.27879961277831
27171,Wright County,MN,32.913843175217814
27173,Yellow Medicine County,MN,98.54791868344628
28001,Adams County,MS,NA
28003,Alcorn County,MS,NA
28005,Amite County,MS,NA
28007,Attala County,MS,NA
28009,Benton County,MS,NA
28011,Bolivar County,MS,NA
28013,Calhoun County,MS,NA
28017,Chickasaw County,MS,90.02904162633108
28019,Choctaw County,MS,NA
28021,Claiborne County,MS,NA
28023,Clarke County,MS,NA
28025,Clay County,MS,NA
28027,Coahoma County,MS,NA
28029,Copiah County,MS,96.41819941916748
28031,Covington County,MS,NA
28033,DeSoto County,MS,66.11810261374636
28035,Forrest County,MS,59.728944820909966
28037,Franklin County,MS,NA
28039,George County,MS,84.89835430784125
28041,Greene County,MS,NA
28043,Grenada County,MS,92.83639883833494
28045,Hancock County,MS,42.497579864472414
28047,Harrison County,MS,7.454017424975799
28049,Hinds County,MS,2.6137463697967087
28051,Holmes County,MS,NA
28053,Humphreys County,MS,NA
28057,Itawamba County,MS,NA
28059,Jackson County,MS,8.906098741529526
28061,Jasper County,MS,NA
28063,Jefferson County,MS,NA
28065,Jefferson Davis County,MS,NA
28067,Jones County,MS,NA
28069,Kemper County,MS,NA
28071,Lafayette County,MS,NA
28073,Lamar County,MS,NA
28075,Lauderdale County,MS,NA
28077,Lawrence County,MS,NA
28079,Leake County,MS,NA
28081,Lee County,MS,NA
28083,Leflore County,MS,NA
28085,Lincoln County,MS,69.99031945788964
28087,Lowndes County,MS,NA
28089,Madison County,MS,NA
28091,Marion County,MS,NA
28093,Marshall County,MS,NA
28095,Monroe County,MS,82.67182962245886
28097,Montgomery County,MS,NA
28099,Neshoba County,MS,NA
28101,Newton County,MS,NA
28103,Noxubee County,MS,99.22555663117134
28105,Oktibbeha County,MS,NA
28107,Panola County,MS,NA
28109,Pearl River County,MS,33.20425943852855
28111,Perry County,MS,95.15972894482091
28113,Pike County,MS,NA
28115,Pontotoc County,MS,93.12681510164569
28117,Prentiss County,MS,NA
28119,Quitman County,MS,NA
28121,Rankin County,MS,12.39109390125847
28123,Scott County,MS,NA
28125,Sharkey County,MS,NA
28127,Simpson County,MS,NA
28129,Smith County,MS,93.22362052274927
28131,Stone County,MS,NA
28133,Sunflower County,MS,NA
28135,Tallahatchie County,MS,NA
28137,Tate County,MS,NA
28139,Tippah County,MS,77.25072604065828
28141,Tishomingo County,MS,NA
28143,Tunica County,MS,NA
28145,Union County,MS,NA
28147,Walthall County,MS,NA
28149,Warren County,MS,NA
28151,Washington County,MS,NA
28153,Wayne County,MS,NA
28155,Webster County,MS,NA
28157,Wilkinson County,MS,NA
28159,Winston County,MS,NA
28161,Yalobusha County,MS,85.86640851887705
28163,Yazoo County,MS,85.57599225556632
29001,Adair County,MO,NA
29003,Andrew County,MO,NA
29005,Atchison County,MO,NA
29007,Audrain County,MO,NA
29009,Barry County,MO,NA
29011,Barton County,MO,NA
29013,Bates County,MO,NA
29015,Benton County,MO,NA
29017,Bollinger County,MO,NA
29019,Boone County,MO,41.72313649564375
29021,Buchanan County,MO,NA
29023,Butler County,MO,61.66505324298161
29025,Caldwell County,MO,NA
29027,Callaway County,MO,67.18296224588578
29029,Camden County,MO,61.47144240077444
29031,Cape Girardeau County,MO,NA
29033,Carroll County,MO,NA
29035,Carter County,MO,NA
29037,Cass County,MO,NA
29039,Cedar County,MO,NA
29043,Christian County,MO,NA
29045,Clark County,MO,NA
29047,Clay County,MO,37.07647628267183
29049,Clinton County,MO,NA
29053,Cooper County,MO,NA
29055,Crawford County,MO,NA
29059,Dallas County,MO,NA
29061,Daviess County,MO,NA
29063,DeKalb County,MO,NA
29065,Dent County,MO,NA
29067,Douglas County,MO,NA
29069,Dunklin County,MO,NA
29071,Franklin County,MO,NA
29073,Gasconade County,MO,NA
29075,Gentry County,MO,NA
29077,Greene County,MO,14.617618586640852
29079,Grundy County,MO,NA
29081,Harrison County,MO,NA
29083,Henry County,MO,NA
29091,Howell County,MO,NA
29093,Iron County,MO,NA
29095,Jackson County,MO,14.908034849951598
29097,Jasper County,MO,44.91771539206196
29099,Jefferson County,MO,45.30493707647628
29101,Johnson County,MO,NA
29105,Laclede County,MO,NA
29107,Lafayette County,MO,NA
29109,Lawrence County,MO,78.89641819941917
29111,Lewis County,MO,NA
29113,Lincoln County,MO,NA
29115,Linn County,MO,NA
29117,Livingston County,MO,74.83059051306873
29119,McDonald County,MO,NA
29121,Macon County,MO,NA
29123,Madison County,MO,NA
29125,Maries County,MO,NA
29127,Marion County,MO,90.12584704743466
29129,Mercer County,MO,NA
29131,Miller County,MO,NA
29133,Mississippi County,MO,98.83833494675702
29135,Moniteau County,MO,NA
29137,Monroe County,MO,NA
29139,Montgomery County,MO,NA
29141,Morgan County,MO,NA
29143,New Madrid County,MO,NA
29145,Newton County,MO,NA
29147,Nodaway County,MO,NA
29149,Oregon County,MO,NA
29153,Ozark County,MO,NA
29155,Pemiscot County,MO,86.64085188770572
29157,Perry County,MO,NA
29159,Pettis County,MO,NA
29161,Phelps County,MO,54.98547918683446
29163,Pike County,MO,NA
29165,Platte County,MO,NA
29167,Polk County,MO,NA
29169,Pulaski County,MO,87.2216844143272
29173,Ralls County,MO,NA
29175,Randolph County,MO,75.31461761858664
29177,Ray County,MO,NA
29181,Ripley County,MO,NA
29183,St. Charles County,MO,56.14714424007744
29185,St. Clair County,MO,NA
29186,Ste. Genevieve County,MO,NA
29187,St. Francois County,MO,68.92545982575025
29189,St. Louis County,MO,60.01936108422071
29195,Saline County,MO,79.38044530493707
29201,Scott County,MO,47.72507260406583
29207,Stoddard County,MO,NA
29209,Stone County,MO,NA
29213,Taney County,MO,NA
29215,Texas County,MO,NA
29217,Vernon County,MO,91.28751210067763
29219,Warren County,MO,NA
29221,Washington County,MO,NA
29223,Wayne County,MO,NA
29225,Webster County,MO,NA
29229,Wright County,MO,NA
29510,St. Louis city,MO,9.874152952565343
30001,Beaverhead County,MT,91.4811229428848
30003,Big Horn County,MT,NA
30007,Broadwater County,MT,NA
30009,Carbon County,MT,NA
30013,Cascade County,MT,NA
30017,Custer County,MT,NA
30021,Dawson County,MT,90.22265246853823
30023,Deer Lodge County,MT,NA
30027,Fergus County,MT,NA
30029,Flathead County,MT,80.63891577928364
30031,Gallatin County,MT,76.66989351403679
30035,Glacier County,MT,NA
30041,Hill County,MT,NA
30043,Jefferson County,MT,NA
30047,Lake County,MT,80.05808325266214
30049,Lewis and Clark County,MT,NA
30053,Lincoln County,MT,72.70087124878994
30055,McCone County,MT,NA
30057,Madison County,MT,NA
30063,Missoula County,MT,40.9486931268151
30065,Musselshell County,MT,NA
30067,Park County,MT,86.54404646660213
30073,Pondera County,MT,NA
30077,Powell County,MT,NA
30081,Ravalli County,MT,NA
30083,Richland County,MT,NA
30087,Rosebud County,MT,NA
30089,Sanders County,MT,NA
30093,Silver Bow County,MT,97.67666989351403
30095,Stillwater County,MT,NA
30097,Sweet Grass County,MT,NA
30105,Valley County,MT,NA
30111,Yellowstone County,MT,80.15488867376574
31001,Adams County,NE,NA
31011,Boone County,NE,NA
31013,Box Butte County,NE,NA
31019,Buffalo County,NE,NA
31021,Burt County,NE,NA
31023,Butler County,NE,NA
31025,Cass County,NE,NA
31027,Cedar County,NE,NA
31033,Cheyenne County,NE,NA
31037,Colfax County,NE,NA
31039,Cuming County,NE,NA
31041,Custer County,NE,NA
31043,Dakota County,NE,NA
31045,Dawes County,NE,NA
31047,Dawson County,NE,NA
31053,Dodge County,NE,NA
31055,Douglas County,NE,48.98354307841239
31067,Gage County,NE,NA
31079,Hall County,NE,NA
31081,Hamilton County,NE,NA
31089,Holt County,NE,NA
31093,Howard County,NE,NA
31095,Jefferson County,NE,NA
31099,Kearney County,NE,NA
31101,Keith County,NE,NA
31109,Lancaster County,NE,10.454985479186835
31111,Lincoln County,NE,NA
31119,Madison County,NE,NA
31121,Merrick County,NE,NA
31127,Nemaha County,NE,98.64472410454985
31131,Otoe County,NE,NA
31137,Phelps County,NE,NA
31139,Pierce County,NE,NA
31141,Platte County,NE,NA
31145,Red Willow County,NE,NA
31147,Richardson County,NE,NA
31151,Saline County,NE,NA
31153,Sarpy County,NE,21.00677637947725
31155,Saunders County,NE,NA
31157,Scotts Bluff County,NE,NA
31159,Seward County,NE,93.6108422071636
31167,Stanton County,NE,NA
31169,Thayer County,NE,NA
31177,Washington County,NE,NA
31179,Wayne County,NE,NA
31185,York County,NE,NA
32001,Churchill County,NV,NA
32003,Clark County,NV,44.04646660212972
32005,Douglas County,NV,NA
32007,Elko County,NV,NA
32013,Humboldt County,NV,NA
32015,Lander County,NV,NA
32019,Lyon County,NV,37.65730880929332
32031,Washoe County,NV,3.3881897386253628
32510,Carson City,NV,NA
33001,Belknap County,NH,NA
33003,Carroll County,NH,75.89545014520813
33005,Cheshire County,NH,NA
33007,Coos County,NH,NA
33009,Grafton County,NH,97.2894482090997
33011,Hillsborough County,NH,55.372700871248796
33013,Merrimack County,NH,79.47725072604067
33015,Rockingham County,NH,66.21490803484996
33017,Strafford County,NH,34.65634075508228
33019,Sullivan County,NH,62.923523717328166
34001,Atlantic County,NJ,60.60019361084221
34003,Bergen County,NJ,80.34849951597289
34005,Burlington County,NJ,63.79477250726041
34007,Camden County,NJ,8.518877057115198
34009,Cape May County,NJ,6.485963213939981
34011,Cumberland County,NJ,11.713455953533398
34013,Essex County,NJ,57.11519845111326
34015,Gloucester County,NJ,14.52081316553727
34017,Hudson County,NJ,0.3872216844143272
34019,Hunterdon County,NJ,51.40367860600193
34021,Mercer County,NJ,28.170377541142305
34023,Middlesex County,NJ,0
34025,Monmouth County,NJ,24.10454985479187
34027,Morris County,NJ,0.29041626331074544
34029,Ocean County,NJ,55.469506292352364
34031,Passaic County,NJ,14.133591481122942
34033,Salem County,NJ,17.521781219748306
34035,Somerset County,NJ,2.516940948693127
34037,Sussex County,NJ,11.132623426911907
34039,Union County,NJ,NA
34041,Warren County,NJ,NA
35001,Bernalillo County,NM,25.943852855759925
35005,Chaves County,NM,NA
35006,Cibola County,NM,NA
35007,Colfax County,NM,NA
35009,Curry County,NM,41.33591481122943
35015,Eddy County,NM,NA
35017,Grant County,NM,NA
35023,Hidalgo County,NM,NA
35025,Lea County,NM,NA
35027,Lincoln County,NM,NA
35028,Los Alamos County,NM,NA
35029,Luna County,NM,81.8973862536302
35031,McKinley County,NM,NA
35035,Otero County,NM,NA
35039,Rio Arriba County,NM,NA
35041,Roosevelt County,NM,NA
35043,Sandoval County,NM,NA
35045,San Juan County,NM,48.20909970958374
35047,San Miguel County,NM,78.60600193610843
35049,Santa Fe County,NM,3.77541142303969
35055,Taos County,NM,NA
35057,Torrance County,NM,NA
35061,Valencia County,NM,44.627299128751204
36001,Albany County,NY,27.879961277831562
36003,Allegany County,NY,NA
36005,Bronx County,NY,30.10648596321394
36007,Broome County,NY,37.463697967086155
36009,Cattaraugus County,NY,51.50048402710552
36011,Cayuga County,NY,15.972894482090997
36013,Chautauqua County,NY,86.2536302032914
36015,Chemung County,NY,17.424975798644724
36017,Chenango County,NY,78.02516940948692
36019,Clinton County,NY,9.002904162633108
36021,Columbia County,NY,37.36689254598258
36023,Cortland County,NY,57.79283639883833
36025,Delaware County,NY,NA
36027,Dutchess County,NY,50.242013552758955
36029,Erie County,NY,32.13939980638916
36031,Essex County,NY,NA
36033,Franklin County,NY,25.459825750242015
36035,Fulton County,NY,NA
36037,Genesee County,NY,NA
36039,Greene County,NY,NA
36043,Herkimer County,NY,11.616650532429816
36045,Jefferson County,NY,NA
36047,Kings County,NY,4.259438528557599
36049,Lewis County,NY,NA
36051,Livingston County,NY,50.91965150048403
36053,Madison County,NY,14.03678606001936
36055,Monroe County,NY,39.10939012584705
36057,Montgomery County,NY,NA
36059,Nassau County,NY,11.32623426911907
36061,New York County,NY,18.29622458857696
36063,Niagara County,NY,14.714424007744434
36065,Oneida County,NY,15.876089060987416
36067,Onondaga County,NY,39.98063891577928
36069,Ontario County,NY,6.679574056147144
36071,Orange County,NY,26.718296224588578
36073,Orleans County,NY,32.042594385285575
36075,Oswego County,NY,3.4849951597289452
36077,Otsego County,NY,NA
36079,Putnam County,NY,45.01452081316554
36081,Queens County,NY,12.971926427879962
36083,Rensselaer County,NY,26.427879961277835
36085,Richmond County,NY,NA
36087,Rockland County,NY,29.912875121006778
36089,St. Lawrence County,NY,63.310745401742494
36091,Saratoga County,NY,NA
36093,Schenectady County,NY,5.614714424007745
36095,Schoharie County,NY,85.28557599225557
36097,Schuyler County,NY,NA
36099,Seneca County,NY,68.44143272023233
36101,Steuben County,NY,NA
36103,Suffolk County,NY,29.04162633107454
36105,Sullivan County,NY,64.66602129719264
36107,Tioga County,NY,NA
36109,Tompkins County,NY,NA
36111,Ulster County,NY,24.68538238141336
36113,Warren County,NY,51.79090029041626
36115,Washington County,NY,NA
36117,Wayne County,NY,62.34269119070668
36119,Westchester County,NY,13.165537270087125
36121,Wyoming County,NY,75.02420135527589
36123,Yates County,NY,NA
37001,Alamance County,NC,33.978702807357216
37003,Alexander County,NC,NA
37005,Alleghany County,NC,NA
37007,Anson County,NC,NA
37009,Ashe County,NC,NA
37011,Avery County,NC,NA
37013,Beaufort County,NC,NA
37015,Bertie County,NC,NA
37017,Bladen County,NC,32.62342691190707
37019,Brunswick County,NC,46.75701839303001
37021,Buncombe County,NC,45.49854791868345
37023,Burke County,NC,NA
37025,Cabarrus County,NC,3.291384317521781
37027,Caldwell County,NC,NA
37031,Carteret County,NC,NA
37033,Caswell County,NC,90.31945788964182
37035,Catawba County,NC,28.654404646660215
37037,Chatham County,NC,NA
37039,Cherokee County,NC,63.891577928363986
37041,Chowan County,NC,NA
37043,Clay County,NC,NA
37045,Cleveland County,NC,NA
37047,Columbus County,NC,53.04937076476283
37049,Craven County,NC,NA
37051,Cumberland County,NC,3.1945788964181996
37053,Currituck County,NC,NA
37055,Dare County,NC,NA
37057,Davidson County,NC,NA
37059,Davie County,NC,NA
37061,Duplin County,NC,NA
37063,Durham County,NC,26.234269119070667
37065,Edgecombe County,NC,NA
37067,Forsyth County,NC,52.37173281703775
37069,Franklin County,NC,NA
37071,Gaston County,NC,2.420135527589545
37075,Graham County,NC,NA
37077,Granville County,NC,45.111326234269114
37079,Greene County,NC,NA
37081,Guilford County,NC,43.465634075508234
37083,Halifax County,NC,NA
37085,Harnett County,NC,27.589545014520812
37087,Haywood County,NC,NA
37089,Henderson County,NC,42.110358180058086
37091,Hertford County,NC,NA
37093,Hoke County,NC,NA
37097,Iredell County,NC,31.84898354307841
37099,Jackson County,NC,44.820909970958375
37101,Johnston County,NC,34.269119070667955
37103,Jones County,NC,NA
37105,Lee County,NC,NA
37107,Lenoir County,NC,NA
37109,Lincoln County,NC,65.15004840271055
37111,McDowell County,NC,41.04549854791868
37113,Macon County,NC,NA
37115,Madison County,NC,86.06001936108422
37117,Martin County,NC,73.37850919651501
37119,Mecklenburg County,NC,49.27395934172314
37121,Mitchell County,NC,NA
37123,Montgomery County,NC,NA
37125,Moore County,NC,28.07357212003872
37127,Nash County,NC,NA
37129,New Hanover County,NC,18.586640851887708
37131,Northampton County,NC,NA
37133,Onslow County,NC,NA
37135,Orange County,NC,31.268151016456926
37137,Pamlico County,NC,NA
37139,Pasquotank County,NC,77.83155856727977
37141,Pender County,NC,NA
37143,Perquimans County,NC,NA
37145,Person County,NC,NA
37147,Pitt County,NC,39.59341723136496
37149,Polk County,NC,NA
37151,Randolph County,NC,NA
37153,Richmond County,NC,42.59438528557599
37155,Robeson County,NC,NA
37157,Rockingham County,NC,NA
37159,Rowan County,NC,NA
37161,Rutherford County,NC,32.72023233301064
37163,Sampson County,NC,25.072604065827687
37165,Scotland County,NC,84.5111326234269
37167,Stanly County,NC,NA
37169,Stokes County,NC,NA
37171,Surry County,NC,NA
37173,Swain County,NC,NA
37175,Transylvania County,NC,NA
37177,Tyrrell County,NC,NA
37179,Union County,NC,NA
37181,Vance County,NC,NA
37183,Wake County,NC,35.6243949661181
37185,Warren County,NC,83.73668925459826
37187,Washington County,NC,NA
37189,Watauga County,NC,NA
37191,Wayne County,NC,NA
37193,Wilkes County,NC,NA
37195,Wilson County,NC,78.702807357212
37197,Yadkin County,NC,NA
37199,Yancey County,NC,NA
38003,Barnes County,ND,NA
38009,Bottineau County,ND,NA
38011,Bowman County,ND,NA
38015,Burleigh County,ND,17.618586640851888
38017,Cass County,ND,44.43368828654405
38019,Cavalier County,ND,NA
38021,Dickey County,ND,NA
38035,Grand Forks County,ND,NA
38053,McKenzie County,ND,NA
38055,McLean County,ND,NA
38057,Mercer County,ND,NA
38059,Morton County,ND,64.76282671829622
38061,Mountrail County,ND,NA
38069,Pierce County,ND,NA
38071,Ramsey County,ND,NA
38073,Ransom County,ND,NA
38077,Richland County,ND,95.7405614714424
38079,Rolette County,ND,NA
38085,Sioux County,ND,NA
38089,Stark County,ND,NA
38093,Stutsman County,ND,NA
38099,Walsh County,ND,NA
38101,Ward County,ND,53.82381413359148
38103,Wells County,ND,NA
38105,Williams County,ND,NA
39001,Adams County,OH,82.86544046466602
39003,Allen County,OH,20.52274927395934
39005,Ashland County,OH,35.14036786060019
39007,Ashtabula County,OH,50.33881897386253
39009,Athens County,OH,48.11229428848016
39011,Auglaize County,OH,46.46660212971926
39013,Belmont County,OH,NA
39015,Brown County,OH,69.02226524685382
39017,Butler County,OH,32.33301064859632
39019,Carroll County,OH,NA
39021,Champaign County,OH,67.47337850919651
39023,Clark County,OH,83.15585672797677
39025,Clermont County,OH,3.0977734753146176
39027,Clinton County,OH,NA
39029,Columbiana County,OH,45.2081316553727
39031,Coshocton County,OH,NA
39033,Crawford County,OH,71.73281703775412
39035,Cuyahoga County,OH,23.71732817037754
39037,Darke County,OH,NA
39039,Defiance County,OH,57.889641819941914
39041,Delaware County,OH,35.43078412391094
39043,Erie County,OH,46.95062923523717
39045,Fairfield County,OH,9.293320425943854
39047,Fayette County,OH,NA
39049,Franklin County,OH,42.20716360116166
39051,Fulton County,OH,69.21587608906098
39053,Gallia County,OH,NA
39055,Geauga County,OH,16.940948693126813
39057,Greene County,OH,NA
39059,Guernsey County,OH,NA
39061,Hamilton County,OH,30.590513068731852
39063,Hancock County,OH,30.300096805421106
39065,Hardin County,OH,NA
39067,Harrison County,OH,NA
39069,Henry County,OH,90.70667957405615
39071,Highland County,OH,NA
39073,Hocking County,OH,NA
39075,Holmes County,OH,97.19264278799614
39077,Huron County,OH,72.12003872216845
39079,Jackson County,OH,18.102613746369798
39081,Jefferson County,OH,7.55082284607938
39083,Knox County,OH,49.4675701839303
39085,Lake County,OH,19.748305905130685
39087,Lawrence County,OH,27.686350435624398
39089,Licking County,OH,70.86156824782188
39091,Logan County,OH,NA
39093,Lorain County,OH,57.21200387221684
39095,Lucas County,OH,52.08131655372701
39097,Madison County,OH,NA
39099,Mahoning County,OH,63.69796708615682
39101,Marion County,OH,NA
39103,Medina County,OH,22.07163601161665
39105,Meigs County,OH,NA
39107,Mercer County,OH,NA
39109,Miami County,OH,8.325266214908035
39111,Monroe County,OH,NA
39113,Montgomery County,OH,15.392061955469508
39115,Morgan County,OH,NA
39117,Morrow County,OH,NA
39119,Muskingum County,OH,7.357212003872217
39121,Noble County,OH,NA
39123,Ottawa County,OH,NA
39125,Paulding County,OH,NA
39127,Perry County,OH,NA
39129,Pickaway County,OH,34.07550822846079
39131,Pike County,OH,38.33494675701839
39133,Portage County,OH,31.55856727976767
39135,Preble County,OH,NA
39137,Putnam County,OH,NA
39139,Richland County,OH,30.784123910939016
39141,Ross County,OH,41.81994191674734
39143,Sandusky County,OH,20.716360116166506
39145,Scioto County,OH,NA
39147,Seneca County,OH,32.4298160696999
39149,Shelby County,OH,NA
39151,Stark County,OH,38.23814133591481
39153,Summit County,OH,23.426911907066795
39155,Trumbull County,OH,56.24394966118103
39157,Tuscarawas County,OH,56.72797676669894
39159,Union County,OH,NA
39161,Van Wert County,OH,NA
39163,Vinton County,OH,NA
39165,Warren County,OH,4.453049370764763
39167,Washington County,OH,5.421103581800581
39169,Wayne County,OH,42.400774443368825
39171,Williams County,OH,NA
39173,Wood County,OH,8.131655372700871
39175,Wyandot County,OH,NA
40001,Adair County,OK,NA
40005,Atoka County,OK,NA
40009,Beckham County,OK,NA
40011,Blaine County,OK,99.51597289448209
40013,Bryan County,OK,NA
40015,Caddo County,OK,NA
40017,Canadian County,OK,NA
40019,Carter County,OK,NA
40021,Cherokee County,OK,NA
40023,Choctaw County,OK,NA
40027,Cleveland County,OK,12.681510164569215
40029,Coal County,OK,NA
40031,Comanche County,OK,19.26427879961278
40035,Craig County,OK,NA
40037,Creek County,OK,NA
40039,Custer County,OK,NA
40041,Delaware County,OK,NA
40047,Garfield County,OK,68.6350435624395
40049,Garvin County,OK,NA
40051,Grady County,OK,64.8596321393998
40055,Greer County,OK,NA
40061,Haskell County,OK,NA
40063,Hughes County,OK,NA
40065,Jackson County,OK,NA
40067,Jefferson County,OK,NA
40069,Johnston County,OK,NA
40071,Kay County,OK,54.01742497579865
40073,Kingfisher County,OK,NA
40075,Kiowa County,OK,NA
40077,Latimer County,OK,NA
40079,Le Flore County,OK,NA
40081,Lincoln County,OK,NA
40083,Logan County,OK,NA
40085,Love County,OK,NA
40087,McClain County,OK,NA
40089,McCurtain County,OK,NA
40091,McIntosh County,OK,76.96030977734753
40093,Major County,OK,NA
40095,Marshall County,OK,NA
40097,Mayes County,OK,94.77250726040658
40099,Murray County,OK,NA
40101,Muskogee County,OK,NA
40103,Noble County,OK,93.80445304937076
40105,Nowata County,OK,NA
40107,Okfuskee County,OK,NA
40109,Oklahoma County,OK,7.841239109390126
40111,Okmulgee County,OK,NA
40113,Osage County,OK,NA
40115,Ottawa County,OK,NA
40117,Pawnee County,OK,NA
40119,Payne County,OK,NA
40121,Pittsburg County,OK,NA
40123,Pontotoc County,OK,73.66892545982576
40125,Pottawatomie County,OK,NA
40127,Pushmataha County,OK,NA
40129,Roger Mills County,OK,NA
40131,Rogers County,OK,64.08518877057115
40133,Seminole County,OK,NA
40135,Sequoyah County,OK,82.18780251694095
40137,Stephens County,OK,NA
40139,Texas County,OK,NA
40141,Tillman County,OK,NA
40143,Tulsa County,OK,19.070667957405615
40145,Wagoner County,OK,83.34946757018393
40147,Washington County,OK,NA
40149,Washita County,OK,NA
40151,Woods County,OK,NA
40153,Woodward County,OK,NA
41001,Baker County,OR,NA
41003,Benton County,OR,NA
41005,Clackamas County,OR,30.880929332042594
41007,Clatsop County,OR,NA
41009,Columbia County,OR,NA
41011,Coos County,OR,39.20619554695063
41013,Crook County,OR,87.70571151984511
41015,Curry County,OR,90.51306873184899
41017,Deschutes County,OR,13.068731848983543
41019,Douglas County,OR,6.873184898354308
41025,Harney County,OR,NA
41027,Hood River County,OR,NA
41029,Jackson County,OR,15.488867376573086
41031,Jefferson County,OR,NA
41033,Josephine County,OR,95.64375605033882
41035,Klamath County,OR,16.747337850919653
41037,Lake County,OR,NA
41039,Lane County,OR,27.299128751210066
41041,Lincoln County,OR,45.692158760890614
41043,Linn County,OR,4.162633107454018
41045,Malheur County,OR,NA
41047,Marion County,OR,16.55372700871249
41049,Morrow County,OR,96.32139399806388
41051,Multnomah County,OR,19.457889641819943
41053,Polk County,OR,42.30396902226525
41057,Tillamook County,OR,NA
41059,Umatilla County,OR,NA
41061,Union County,OR,87.89932236205227
41065,Wasco County,OR,NA
41067,Washington County,OR,32.526621490803485
41071,Yamhill County,OR,81.99419167473378
42001,Adams County,PA,NA
42003,Allegheny County,PA,1.3552758954501452
42005,Armstrong County,PA,69.89351403678606
42007,Beaver County,PA,2.7105517909002903
42009,Bedford County,PA,65.44046466602128
42011,Berks County,PA,16.06969990319458
42013,Blair County,PA,3.8722168441432716
42015,Bradford County,PA,56.631171345595355
42017,Bucks County,PA,58.857696030977735
42019,Butler County,PA,33.59148112294289
42021,Cambria County,PA,32.23620522749274
42023,Cameron County,PA,NA
42025,Carbon County,PA,54.59825750242013
42027,Centre County,PA,NA
42029,Chester County,PA,44.53049370764763
42031,Clarion County,PA,NA
42033,Clearfield County,PA,11.22942884801549
42035,Clinton County,PA,NA
42037,Columbia County,PA,67.27976766698936
42039,Crawford County,PA,46.36979670861569
42041,Cumberland County,PA,17.81219748305905
42043,Dauphin County,PA,21.781219748305904
42045,Delaware County,PA,9.583736689254598
42047,Elk County,PA,34.462729912875126
42049,Erie County,PA,49.757986447241045
42051,Fayette County,PA,36.689254598257506
42055,Franklin County,PA,3.6786060019361084
42057,Fulton County,PA,NA
42059,Greene County,PA,NA
42061,Huntingdon County,PA,NA
42063,Indiana County,PA,59.92255566311714
42065,Jefferson County,PA,53.33978702807357
42067,Juniata County,PA,NA
42069,Lackawanna County,PA,25.26621490803485
42071,Lancaster County,PA,24.007744433688284
42073,Lawrence County,PA,72.99128751210068
42075,Lebanon County,PA,35.33397870280736
42077,Lehigh County,PA,11.907066795740562
42079,Luzerne County,PA,5.90513068731849
42081,Lycoming County,PA,60.1161665053243
42083,McKean County,PA,NA
42085,Mercer County,PA,39.303000968054214
42087,Mifflin County,PA,64.95643756050339
42089,Monroe County,PA,NA
42091,Montgomery County,PA,12.197483059051308
42093,Montour County,PA,49.66118102613746
42095,Northampton County,PA,14.42400774443369
42097,Northumberland County,PA,4.743465634075508
42099,Perry County,PA,65.34365924491772
42101,Philadelphia County,PA,36.39883833494676
42103,Pike County,PA,NA
42105,Potter County,PA,87.02807357212004
42107,Schuylkill County,PA,7.260406582768635
42109,Snyder County,PA,NA
42111,Somerset County,PA,NA
42115,Susquehanna County,PA,67.86060019361085
42117,Tioga County,PA,NA
42119,Union County,PA,NA
42121,Venango County,PA,NA
42123,Warren County,PA,NA
42125,Washington County,PA,NA
42127,Wayne County,PA,NA
42129,Westmoreland County,PA,45.88576960309778
42131,Wyoming County,PA,NA
42133,York County,PA,0.0968054211035818
44001,Bristol County,RI,NA
44003,Kent County,RI,76.28267182962246
44005,Newport County,RI,24.975798644724104
44007,Providence County,RI,55.663117134559535
44009,Washington County,RI,9.970958373668925
45001,Abbeville County,SC,NA
45003,Aiken County,SC,82.28460793804453
45005,Allendale County,SC,97.87028073572121
45007,Anderson County,SC,50.72604065827686
45009,Bamberg County,SC,NA
45011,Barnwell County,SC,NA
45013,Beaufort County,SC,9.777347531461762
45015,Berkeley County,SC,12.778315585672798
45017,Calhoun County,SC,NA
45019,Charleston County,SC,55.8567279767667
45021,Cherokee County,SC,NA
45023,Chester County,SC,NA
45025,Chesterfield County,SC,NA
45027,Clarendon County,SC,NA
45029,Colleton County,SC,NA
45031,Darlington County,SC,43.94966118102614
45033,Dillon County,SC,NA
45035,Dorchester County,SC,42.69119070667957
45037,Edgefield County,SC,70.7647628267183
45039,Fairfield County,SC,83.83349467570184
45041,Florence County,SC,10.648596321393997
45043,Georgetown County,SC,73.95934172313649
45045,Greenville County,SC,21.58760890609874
45047,Greenwood County,SC,38.915779283639885
45049,Hampton County,SC,NA
45051,Horry County,SC,34.5595353339787
45053,Jasper County,SC,NA
45055,Kershaw County,SC,85.6727976766699
45057,Lancaster County,SC,NA
45059,Laurens County,SC,38.431752178121975
45061,Lee County,SC,NA
45063,Lexington County,SC,2.1297192642787994
45065,McCormick County,SC,90.80348499515974
45067,Marion County,SC,86.73765730880929
45069,Marlboro County,SC,84.41432720232332
45071,Newberry County,SC,NA
45073,Oconee County,SC,31.945788964181993
45075,Orangeburg County,SC,NA
45077,Pickens County,SC,NA
45079,Richland County,SC,NA
45081,Saluda County,SC,92.25556631171345
45083,Spartanburg County,SC,52.178121974830596
45085,Sumter County,SC,NA
45087,Union County,SC,NA
45089,Williamsburg County,SC,NA
45091,York County,SC,NA
46005,Beadle County,SD,NA
46011,Brookings County,SD,NA
46013,Brown County,SD,NA
46017,Buffalo County,SD,NA
46019,Butte County,SD,NA
46023,Charles Mix County,SD,NA
46027,Clay County,SD,NA
46029,Codington County,SD,NA
46031,Corson County,SD,NA
46033,Custer County,SD,NA
46035,Davison County,SD,NA
46041,Dewey County,SD,NA
46045,Edmunds County,SD,NA
46047,Fall River County,SD,NA
46051,Grant County,SD,NA
46061,Hanson County,SD,NA
46065,Hughes County,SD,82.38141335914811
46067,Hutchinson County,SD,NA
46079,Lake County,SD,NA
46081,Lawrence County,SD,NA
46083,Lincoln County,SD,96.70861568247821
46087,McCook County,SD,NA
46091,Marshall County,SD,NA
46093,Meade County,SD,NA
46099,Minnehaha County,SD,50.5324298160697
46103,Pennington County,SD,16.456921587608907
46109,Roberts County,SD,NA
46113,Shannon County,SD,NA
46115,Spink County,SD,NA
46121,Todd County,SD,NA
46127,Union County,SD,NA
46129,Walworth County,SD,NA
46135,Yankton County,SD,NA
47001,Anderson County,TN,29.138431752178125
47003,Bedford County,TN,NA
47005,Benton County,TN,NA
47007,Bledsoe County,TN,NA
47009,Blount County,TN,27.202323330106488
47011,Bradley County,TN,26.137463697967085
47013,Campbell County,TN,NA
47015,Cannon County,TN,NA
47017,Carroll County,TN,NA
47019,Carter County,TN,40.56147144240077
47021,Cheatham County,TN,NA
47023,Chester County,TN,88.38334946757018
47025,Claiborne County,TN,84.12391093901257
47027,Clay County,TN,NA
47029,Cocke County,TN,52.6621490803485
47031,Coffee County,TN,48.69312681510164
47033,Crockett County,TN,92.0619554695063
47035,Cumberland County,TN,59.53533397870281
47037,Davidson County,TN,10.939012584704743
47039,Decatur County,TN,NA
47041,DeKalb County,TN,NA
47043,Dickson County,TN,NA
47045,Dyer County,TN,NA
47047,Fayette County,TN,81.41335914811229
47049,Fentress County,TN,NA
47051,Franklin County,TN,NA
47053,Gibson County,TN,NA
47055,Giles County,TN,NA
47057,Grainger County,TN,NA
47059,Greene County,TN,NA
47061,Grundy County,TN,NA
47063,Hamblen County,TN,NA
47065,Hamilton County,TN,43.0784123910939
47067,Hancock County,TN,NA
47069,Hardeman County,TN,NA
47071,Hardin County,TN,89.83543078412391
47073,Hawkins County,TN,78.41239109390126
47075,Haywood County,TN,NA
47077,Henderson County,TN,NA
47079,Henry County,TN,NA
47081,Hickman County,TN,NA
47083,Houston County,TN,96.61181026137464
47085,Humphreys County,TN,NA
47087,Jackson County,TN,NA
47089,Jefferson County,TN,NA
47091,Johnson County,TN,NA
47093,Knox County,TN,20.329138431752177
47095,Lake County,TN,NA
47097,Lauderdale County,TN,NA
47099,Lawrence County,TN,NA
47101,Lewis County,TN,NA
47103,Lincoln County,TN,NA
47105,Loudon County,TN,83.4462729912875
47107,McMinn County,TN,NA
47109,McNairy County,TN,NA
47111,Macon County,TN,NA
47113,Madison County,TN,20.813165537270088
47115,Marion County,TN,NA
47117,Marshall County,TN,70.95837366892546
47119,Maury County,TN,88.96418199419168
47121,Meigs County,TN,NA
47123,Monroe County,TN,36.59244917715392
47125,Montgomery County,TN,22.65246853823814
47127,Moore County,TN,NA
47129,Morgan County,TN,NA
47131,Obion County,TN,84.80154888673765
47133,Overton County,TN,NA
47135,Perry County,TN,NA
47137,Pickett County,TN,NA
47139,Polk County,TN,NA
47141,Putnam County,TN,21.39399806389158
47143,Rhea County,TN,NA
47145,Roane County,TN,27.783155856727976
47147,Robertson County,TN,43.56243949661181
47149,Rutherford County,TN,28.55759922555663
47151,Scott County,TN,NA
47153,Sequatchie County,TN,NA
47155,Sevier County,TN,15.198451113262342
47157,Shelby County,TN,41.142303969022265
47159,Smith County,TN,NA
47161,Stewart County,TN,NA
47163,Sullivan County,TN,2.904162633107454
47165,Sumner County,TN,63.60116166505324
47167,Tipton County,TN,NA
47169,Trousdale County,TN,NA
47171,Unicoi County,TN,NA
47173,Union County,TN,NA
47175,Van Buren County,TN,NA
47177,Warren County,TN,NA
47179,Washington County,TN,7.647628267182963
47181,Wayne County,TN,NA
47183,Weakley County,TN,NA
47185,White County,TN,NA
47187,Williamson County,TN,55.179090029041625
47189,Wilson County,TN,54.88867376573088
48001,Anderson County,TX,NA
48003,Andrews County,TX,NA
48005,Angelina County,TX,82.57502420135528
48007,Aransas County,TX,NA
48013,Atascosa County,TX,68.53823814133591
48015,Austin County,TX,79.57405614714425
48017,Bailey County,TX,NA
48019,Bandera County,TX,NA
48021,Bastrop County,TX,54.307841239109386
48025,Bee County,TX,NA
48027,Bell County,TX,33.68828654404646
48029,Bexar County,TX,19.167473378509197
48031,Blanco County,TX,NA
48035,Bosque County,TX,NA
48037,Bowie County,TX,NA
48039,Brazoria County,TX,48.59632139399807
48041,Brazos County,TX,3.0009680542110355
48043,Brewster County,TX,NA
48047,Brooks County,TX,NA
48049,Brown County,TX,NA
48051,Burleson County,TX,NA
48053,Burnet County,TX,NA
48055,Caldwell County,TX,NA
48057,Calhoun County,TX,NA
48059,Callahan County,TX,NA
48061,Cameron County,TX,22.45885769603098
48063,Camp County,TX,NA
48067,Cass County,TX,NA
48071,Chambers County,TX,NA
48073,Cherokee County,TX,NA
48075,Childress County,TX,97.96708615682478
48077,Clay County,TX,NA
48083,Coleman County,TX,NA
48085,Collin County,TX,25.36302032913843
48089,Colorado County,TX,96.51500484027106
48091,Comal County,TX,22.749273959341725
48093,Comanche County,TX,NA
48097,Cooke County,TX,NA
48099,Coryell County,TX,NA
48103,Crane County,TX,NA
48105,Crockett County,TX,NA
48113,Dallas County,TX,26.33107454017425
48115,Dawson County,TX,NA
48119,Delta County,TX,NA
48121,Denton County,TX,38.14133591481123
48123,DeWitt County,TX,NA
48127,Dimmit County,TX,NA
48131,Duval County,TX,NA
48133,Eastland County,TX,92.15876089060987
48135,Ector County,TX,19.651500484027107
48139,Ellis County,TX,45.78896418199419
48141,El Paso County,TX,39.49661181026137
48143,Erath County,TX,75.12100677637947
48145,Falls County,TX,NA
48147,Fannin County,TX,NA
48149,Fayette County,TX,88.18973862536302
48157,Fort Bend County,TX,0.48402710551790895
48159,Franklin County,TX,NA
48161,Freestone County,TX,NA
48163,Frio County,TX,95.93417231364957
48165,Gaines County,TX,NA
48167,Galveston County,TX,51.11326234269119
48169,Garza County,TX,NA
48171,Gillespie County,TX,93.41723136495644
48175,Goliad County,TX,NA
48177,Gonzales County,TX,NA
48181,Grayson County,TX,47.91868344627299
48183,Gregg County,TX,NA
48185,Grimes County,TX,NA
48187,Guadalupe County,TX,40.271055179090034
48189,Hale County,TX,NA
48193,Hamilton County,TX,95.83736689254599
48199,Hardin County,TX,NA
48201,Harris County,TX,35.52758954501452
48203,Harrison County,TX,60.696999031945786
48209,Hays County,TX,23.13649564375605
48213,Henderson County,TX,21.684414327202322
48215,Hidalgo County,TX,59.825750242013555
48217,Hill County,TX,NA
48219,Hockley County,TX,NA
48221,Hood County,TX,40.36786060019361
48223,Hopkins County,TX,NA
48225,Houston County,TX,NA
48227,Howard County,TX,NA
48231,Hunt County,TX,NA
48237,Jack County,TX,NA
48239,Jackson County,TX,NA
48241,Jasper County,TX,NA
48245,Jefferson County,TX,22.362052274927397
48247,Jim Hogg County,TX,NA
48249,Jim Wells County,TX,NA
48251,Johnson County,TX,49.95159728944821
48255,Karnes County,TX,NA
48257,Kaufman County,TX,62.63310745401742
48259,Kendall County,TX,NA
48265,Kerr County,TX,NA
48267,Kimble County,TX,98.25750242013552
48273,Kleberg County,TX,NA
48277,Lamar County,TX,NA
48279,Lamb County,TX,NA
48281,Lampasas County,TX,NA
48283,La Salle County,TX,NA
48285,Lavaca County,TX,NA
48287,Lee County,TX,NA
48289,Leon County,TX,NA
48291,Liberty County,TX,NA
48293,Limestone County,TX,NA
48297,Live Oak County,TX,NA
48299,Llano County,TX,52.27492739593417
48303,Lubbock County,TX,13.843175217812199
48307,McCulloch County,TX,NA
48309,McLennan County,TX,13.746369796708615
48313,Madison County,TX,NA
48315,Marion County,TX,NA
48317,Martin County,TX,NA
48319,Mason County,TX,NA
48321,Matagorda County,TX,69.50629235237173
48323,Maverick County,TX,NA
48325,Medina County,TX,NA
48329,Midland County,TX,NA
48331,Milam County,TX,NA
48335,Mitchell County,TX,NA
48337,Montague County,TX,85.47918683446272
48339,Montgomery County,TX,41.52952565343659
48343,Morris County,TX,NA
48347,Nacogdoches County,TX,NA
48349,Navarro County,TX,NA
48351,Newton County,TX,NA
48353,Nolan County,TX,NA
48355,Nueces County,TX,6.098741529525654
48361,Orange County,TX,30.977734753146173
48363,Palo Pinto County,TX,NA
48365,Panola County,TX,NA
48367,Parker County,TX,NA
48371,Pecos County,TX,NA
48373,Polk County,TX,62.72991287512101
48375,Potter County,TX,33.494675701839306
48377,Presidio County,TX,NA
48379,Rains County,TX,NA
48381,Randall County,TX,NA
48383,Reagan County,TX,NA
48387,Red River County,TX,NA
48389,Reeves County,TX,NA
48391,Refugio County,TX,NA
48395,Robertson County,TX,NA
48397,Rockwall County,TX,42.78799612778316
48399,Runnels County,TX,NA
48401,Rusk County,TX,NA
48403,Sabine County,TX,NA
48405,San Augustine County,TX,NA
48407,San Jacinto County,TX,NA
48409,San Patricio County,TX,67.66698935140369
48411,San Saba County,TX,NA
48413,Schleicher County,TX,NA
48415,Scurry County,TX,77.34753146176186
48419,Shelby County,TX,NA
48423,Smith County,TX,NA
48425,Somervell County,TX,NA
48427,Starr County,TX,NA
48429,Stephens County,TX,NA
48435,Sutton County,TX,NA
48439,Tarrant County,TX,15.682478218780252
48441,Taylor County,TX,17.134559535333977
48445,Terry County,TX,NA
48449,Titus County,TX,NA
48451,Tom Green County,TX,NA
48453,Travis County,TX,52.952565343659245
48455,Trinity County,TX,NA
48457,Tyler County,TX,NA
48459,Upshur County,TX,70.08712487899322
48461,Upton County,TX,NA
48463,Uvalde County,TX,94.675701839303
48465,Val Verde County,TX,88.67376573088093
48467,Van Zandt County,TX,NA
48469,Victoria County,TX,27.008712487899324
48471,Walker County,TX,70.66795740561471
48473,Waller County,TX,NA
48475,Ward County,TX,NA
48477,Washington County,TX,NA
48479,Webb County,TX,5.517909002904163
48481,Wharton County,TX,NA
48485,Wichita County,TX,18.973862536302033
48487,Wilbarger County,TX,NA
48489,Willacy County,TX,NA
48491,Williamson County,TX,9.68054211035818
48493,Wilson County,TX,NA
48495,Winkler County,TX,NA
48497,Wise County,TX,NA
48499,Wood County,TX,23.523717328170378
48501,Yoakum County,TX,NA
48503,Young County,TX,NA
48505,Zapata County,TX,NA
48507,Zavala County,TX,NA
49001,Beaver County,UT,NA
49003,Box Elder County,UT,NA
49005,Cache County,UT,NA
49007,Carbon County,UT,NA
49011,Davis County,UT,33.010648596321396
49013,Duchesne County,UT,NA
49015,Emery County,UT,NA
49019,Grand County,UT,94.57889641819942
49021,Iron County,UT,75.79864472410455
49023,Juab County,UT,NA
49025,Kane County,UT,98.06389157792836
49027,Millard County,UT,NA
49029,Morgan County,UT,NA
49035,Salt Lake County,UT,53.7270087124879
49037,San Juan County,UT,NA
49039,Sanpete County,UT,NA
49041,Sevier County,UT,NA
49043,Summit County,UT,NA
49045,Tooele County,UT,NA
49047,Uintah County,UT,87.12487899322362
49049,Utah County,UT,27.395934172313652
49051,Wasatch County,UT,NA
49053,Washington County,UT,70.1839303000968
49057,Weber County,UT,13.552758954501451
50001,Addison County,VT,NA
50003,Bennington County,VT,66.02129719264279
50005,Caledonia County,VT,97.57986447241046
50007,Chittenden County,VT,48.30590513068732
50011,Franklin County,VT,49.17715392061955
50015,Lamoille County,VT,NA
50017,Orange County,VT,95.35333978702806
50019,Orleans County,VT,91.86834462729912
50021,Rutland County,VT,45.98257502420135
50023,Washington County,VT,NA
50025,Windham County,VT,NA
50027,Windsor County,VT,54.791868344627304
51001,Accomack County,VA,NA
51003,Albemarle County,VA,73.18489835430783
51005,Alleghany County,VA,NA
51007,Amelia County,VA,95.2565343659245
51009,Amherst County,VA,96.03097773475314
51011,Appomattox County,VA,NA
51013,Arlington County,VA,15.58567279767667
51015,Augusta County,VA,58.47047434656341
51019,Bedford County,VA,NA
51021,Bland County,VA,NA
51023,Botetourt County,VA,NA
51025,Brunswick County,VA,NA
51027,Buchanan County,VA,NA
51029,Buckingham County,VA,NA
51031,Campbell County,VA,NA
51033,Caroline County,VA,NA
51035,Carroll County,VA,NA
51036,Charles City County,VA,NA
51037,Charlotte County,VA,99.61277831558567
51041,Chesterfield County,VA,1.6456921587608906
51043,Clarke County,VA,NA
51045,Craig County,VA,99.32236205227493
51047,Culpeper County,VA,NA
51049,Cumberland County,VA,NA
51051,Dickenson County,VA,NA
51053,Dinwiddie County,VA,NA
51057,Essex County,VA,NA
51059,Fairfax County,VA,59.05130687318489
51061,Fauquier County,VA,92.93320425943853
51063,Floyd County,VA,NA
51065,Fluvanna County,VA,NA
51067,Franklin County,VA,60.79380445304937
51069,Frederick County,VA,89.15779283639884
51071,Giles County,VA,NA
51073,Gloucester County,VA,65.92449177153921
51075,Goochland County,VA,NA
51077,Grayson County,VA,NA
51079,Greene County,VA,NA
51081,Greensville County,VA,NA
51083,Halifax County,VA,88.77057115198451
51085,Hanover County,VA,NA
51087,Henrico County,VA,45.40174249757987
51089,Henry County,VA,NA
51093,Isle of Wight County,VA,NA
51095,James City County,VA,34.753146176185865
51099,King George County,VA,NA
51101,King William County,VA,NA
51103,Lancaster County,VA,NA
51105,Lee County,VA,NA
51107,Loudoun County,VA,8.615682478218782
51109,Louisa County,VA,50.62923523717329
51111,Lunenburg County,VA,NA
51113,Madison County,VA,NA
51117,Mecklenburg County,VA,NA
51121,Montgomery County,VA,61.85866408518878
51125,Nelson County,VA,NA
51127,New Kent County,VA,NA
51131,Northampton County,VA,NA
51133,Northumberland County,VA,NA
51135,Nottoway County,VA,NA
51137,Orange County,VA,NA
51139,Page County,VA,NA
51141,Patrick County,VA,NA
51143,Pittsylvania County,VA,70.57115198451113
51145,Powhatan County,VA,NA
51147,Prince Edward County,VA,NA
51149,Prince George County,VA,NA
51153,Prince William County,VA,74.34656340755083
51155,Pulaski County,VA,NA
51159,Richmond County,VA,NA
51161,Roanoke County,VA,NA
51163,Rockbridge County,VA,NA
51165,Rockingham County,VA,NA
51167,Russell County,VA,63.40755082284608
51169,Scott County,VA,NA
51171,Shenandoah County,VA,NA
51173,Smyth County,VA,NA
51175,Southampton County,VA,NA
51177,Spotsylvania County,VA,NA
51179,Stafford County,VA,NA
51183,Sussex County,VA,NA
51185,Tazewell County,VA,NA
51187,Warren County,VA,NA
51191,Washington County,VA,NA
51193,Westmoreland County,VA,NA
51195,Wise County,VA,40.85188770571152
51197,Wythe County,VA,70.37754114230397
51199,York County,VA,NA
51510,Alexandria city,VA,NA
51520,Bristol city,VA,NA
51530,Buena Vista city,VA,NA
51540,Charlottesville city,VA,NA
51550,Chesapeake city,VA,76.18586640851888
51570,Colonial Heights city,VA,NA
51590,Danville city,VA,NA
51610,Falls Church city,VA,NA
51620,Franklin city,VA,80.25169409486931
51630,Fredericksburg city,VA,NA
51640,Galax city,VA,NA
51650,Hampton city,VA,66.60212971926428
51660,Harrisonburg city,VA,NA
51670,Hopewell city,VA,100
51680,Lynchburg city,VA,23.910939012584706
51683,Manassas city,VA,NA
51700,Newport News city,VA,4.549854791868345
51710,Norfolk city,VA,63.504356243949665
51720,Norton city,VA,NA
51730,Petersburg city,VA,39.01258470474346
51735,Poquoson city,VA,91.09390125847048
51740,Portsmouth city,VA,48.402710551790904
51750,Radford city,VA,NA
51760,Richmond city,VA,6.292352371732816
51770,Roanoke city,VA,NA
51775,Salem city,VA,64.18199419167473
51790,Staunton city,VA,NA
51800,Suffolk city,VA,NA
51810,Virginia Beach city,VA,58.66408518877058
51820,Waynesboro city,VA,NA
51840,Winchester city,VA,NA
53001,Adams County,WA,NA
53005,Benton County,WA,69.60309777347533
53007,Chelan County,WA,75.5082284607938
53009,Clallam County,WA,78.12197483059052
53011,Clark County,WA,45.595353339787025
53013,Columbia County,WA,NA
53015,Cowlitz County,WA,14.811229428848016
53017,Douglas County,WA,NA
53019,Ferry County,WA,NA
53021,Franklin County,WA,42.981606969990324
53023,Garfield County,WA,NA
53025,Grant County,WA,41.91674733785092
53027,Grays Harbor County,WA,44.1432720232333
53029,Island County,WA,56.34075508228461
53031,Jefferson County,WA,NA
53033,King County,WA,28.751210067763793
53035,Kitsap County,WA,39.8838334946757
53037,Kittitas County,WA,NA
53039,Klickitat County,WA,NA
53041,Lewis County,WA,NA
53043,Lincoln County,WA,NA
53045,Mason County,WA,NA
53047,Okanogan County,WA,NA
53049,Pacific County,WA,NA
53051,Pend Oreille County,WA,NA
53053,Pierce County,WA,31.364956437560505
53055,San Juan County,WA,88.48015488867377
53057,Skagit County,WA,NA
53061,Snohomish County,WA,10.358180058083253
53063,Spokane County,WA,7.938044530493708
53065,Stevens County,WA,NA
53067,Thurston County,WA,8.422071636011616
53069,Wahkiakum County,WA,NA
53071,Walla Walla County,WA,43.27202323330106
53073,Whatcom County,WA,44.72410454985479
53075,Whitman County,WA,NA
53077,Yakima County,WA,54.211035818005804
54001,Barbour County,WV,76.47628267182962
54003,Berkeley County,WV,12.487899322362052
54005,Boone County,WV,89.25459825750241
54007,Braxton County,WV,NA
54009,Brooke County,WV,NA
54011,Cabell County,WV,12.100677637947726
54015,Clay County,WV,NA
54017,Doddridge County,WV,NA
54019,Fayette County,WV,93.03000968054211
54021,Gilmer County,WV,NA
54023,Grant County,WV,NA
54025,Greenbrier County,WV,NA
54027,Hampshire County,WV,NA
54029,Hancock County,WV,78.2187802516941
54031,Hardy County,WV,NA
54033,Harrison County,WV,81.60696999031946
54035,Jackson County,WV,NA
54037,Jefferson County,WV,47.3378509196515
54039,Kanawha County,WV,23.039690222652467
54041,Lewis County,WV,98.9351403678606
54043,Lincoln County,WV,NA
54045,Logan County,WV,NA
54047,McDowell County,WV,NA
54049,Marion County,WV,22.555663117134557
54051,Marshall County,WV,NA
54053,Mason County,WV,NA
54055,Mercer County,WV,NA
54057,Mineral County,WV,72.60406582768636
54059,Mingo County,WV,NA
54061,Monongalia County,WV,5.808325266214908
54063,Monroe County,WV,NA
54065,Morgan County,WV,84.99515972894483
54067,Nicholas County,WV,NA
54069,Ohio County,WV,NA
54073,Pleasants County,WV,NA
54075,Pocahontas County,WV,NA
54077,Preston County,WV,NA
54079,Putnam County,WV,51.984511132623425
54081,Raleigh County,WV,33.78509196515005
54083,Randolph County,WV,67.37657308809293
54085,Ritchie County,WV,NA
54087,Roane County,WV,NA
54089,Summers County,WV,NA
54091,Taylor County,WV,NA
54093,Tucker County,WV,NA
54095,Tyler County,WV,NA
54097,Upshur County,WV,59.43852855759923
54099,Wayne County,WV,75.21781219748306
54101,Webster County,WV,NA
54103,Wetzel County,WV,88.09293320425944
54105,Wirt County,WV,NA
54107,Wood County,WV,28.267182962245883
54109,Wyoming County,WV,NA
55001,Adams County,WI,NA
55003,Ashland County,WI,NA
55005,Barron County,WI,46.66021297192643
55007,Bayfield County,WI,98.74152952565343
55009,Brown County,WI,24.878993223620522
55011,Buffalo County,WI,NA
55013,Burnett County,WI,NA
55015,Calumet County,WI,72.50726040658277
55017,Chippewa County,WI,52.75895450145208
55019,Clark County,WI,NA
55021,Columbia County,WI,59.63213939980639
55023,Crawford County,WI,NA
55025,Dane County,WI,18.78025169409487
55027,Dodge County,WI,34.94675701839303
55029,Door County,WI,NA
55031,Douglas County,WI,NA
55033,Dunn County,WI,NA
55035,Eau Claire County,WI,NA
55037,Florence County,WI,NA
55039,Fond du Lac County,WI,51.597289448209104
55041,Forest County,WI,NA
55043,Grant County,WI,NA
55045,Green County,WI,74.05614714424009
55047,Green Lake County,WI,NA
55049,Iowa County,WI,NA
55051,Iron County,WI,NA
55053,Jackson County,WI,NA
55055,Jefferson County,WI,NA
55057,Juneau County,WI,NA
55059,Kenosha County,WI,13.649564375605033
55061,Kewaunee County,WI,93.51403678606002
55063,La Crosse County,WI,16.65053242981607
55065,Lafayette County,WI,NA
55067,Langlade County,WI,NA
55069,Lincoln County,WI,NA
55071,Manitowoc County,WI,13.262342691190707
55073,Marathon County,WI,17.71539206195547
55075,Marinette County,WI,NA
55077,Marquette County,WI,NA
55078,Menominee County,WI,NA
55079,Milwaukee County,WI,28.36398838334947
55081,Monroe County,WI,NA
55083,Oconto County,WI,NA
55085,Oneida County,WI,82.76863504356244
55087,Outagamie County,WI,NA
55089,Ozaukee County,WI,NA
55091,Pepin County,WI,NA
55093,Pierce County,WI,NA
55095,Polk County,WI,NA
55097,Portage County,WI,58.76089060987415
55099,Price County,WI,89.06098741529526
55101,Racine County,WI,14.327202323330107
55103,Richland County,WI,NA
55105,Rock County,WI,0.5808325266214909
55107,Rusk County,WI,NA
55109,St. Croix County,WI,71.63601161665053
55111,Sauk County,WI,25.556631171345597
55113,Sawyer County,WI,NA
55115,Shawano County,WI,NA
55117,Sheboygan County,WI,31.752178121974833
55119,Taylor County,WI,NA
55121,Trempealeau County,WI,95.54695062923524
55123,Vernon County,WI,NA
55125,Vilas County,WI,NA
55127,Walworth County,WI,73.47531461761858
55129,Washburn County,WI,NA
55131,Washington County,WI,61.56824782187803
55133,Waukesha County,WI,66.31171345595354
55135,Waupaca County,WI,NA
55137,Waushara County,WI,NA
55139,Winnebago County,WI,51.016456921587604
55141,Wood County,WI,73.86253630203291
56001,Albany County,WY,93.99806389157793
56005,Campbell County,WY,NA
56009,Converse County,WY,94.28848015488867
56013,Fremont County,WY,NA
56015,Goshen County,WY,NA
56017,Hot Springs County,WY,NA
56019,Johnson County,WY,NA
56021,Laramie County,WY,NA
56025,Natrona County,WY,65.53727008712488
56029,Park County,WY,65.73088092933205
56031,Platte County,WY,NA
56033,Sheridan County,WY,NA
56035,Sublette County,WY,NA
56037,Sweetwater County,WY,NA
56041,Uinta County,WY,NA
56043,Washakie County,WY,NA
56045,Weston County,WY,NA
